"Timestamp","QueryDurationMs","ProcessId","ParentProcessId","Name","CreationDate","CpuSeconds","WorkingSetMB","CommandLine","PSComputerName","RunspaceId","PSShowComputerName","PSSourceJobInstanceId"
"2026-08-06T11:44:28.1068930+08:00","365.434","38568","13664","Resolve.exe","2026/8/6 11:44:27","1.109","291.7","""C:\Program Files\Blackmagic Design\DaVinci Resolve\Resolve.exe"" ","localhost","160981bb-972a-4a18-945d-411590c8178c","False","9461138a-a70e-4b45-a765-bd27fd19272c"
"2026-08-06T11:44:30.1091332+08:00","270.303","38568","13664","Resolve.exe","2026/8/6 11:44:27","3.516","724","""C:\Program Files\Blackmagic Design\DaVinci Resolve\Resolve.exe"" ","localhost","160981bb-972a-4a18-945d-411590c8178c","False","9461138a-a70e-4b45-a765-bd27fd19272c"
"2026-08-06T11:44:32.1203302+08:00","263.02","38568","13664","Resolve.exe","2026/8/6 11:44:27","6.938","1360.5","""C:\Program Files\Blackmagic Design\DaVinci Resolve\Resolve.exe"" ","localhost","160981bb-972a-4a18-945d-411590c8178c","False","9461138a-a70e-4b45-a765-bd27fd19272c"
"2026-08-06T11:44:34.1360323+08:00","258.118","38568","13664","Resolve.exe","2026/8/6 11:44:27","7.75","1583.5","""C:\Program Files\Blackmagic Design\DaVinci Resolve\Resolve.exe"" ","localhost","160981bb-972a-4a18-945d-411590c8178c","False","9461138a-a70e-4b45-a765-bd27fd19272c"
"2026-08-06T11:44:36.1505867+08:00","235.503","38568","13664","Resolve.exe","2026/8/6 11:44:27","9.875","1798.2","""C:\Program Files\Blackmagic Design\DaVinci Resolve\Resolve.exe"" ","localhost","160981bb-972a-4a18-945d-411590c8178c","False","9461138a-a70e-4b45-a765-bd27fd19272c"
"2026-08-06T11:44:38.1553618+08:00","227.109","38568","13664","Resolve.exe","2026/8/6 11:44:27","11.844","1966.6","""C:\Program Files\Blackmagic Design\DaVinci Resolve\Resolve.exe"" ","localhost","160981bb-972a-4a18-945d-411590c8178c","False","9461138a-a70e-4b45-a765-bd27fd19272c"
"2026-08-06T11:44:40.1613643+08:00","257.818","38568","13664","Resolve.exe","2026/8/6 11:44:27","13.938","2108.6","""C:\Program Files\Blackmagic Design\DaVinci Resolve\Resolve.exe"" ","localhost","160981bb-972a-4a18-945d-411590c8178c","False","9461138a-a70e-4b45-a765-bd27fd19272c"
"2026-08-06T11:44:42.1621588+08:00","252.399","38568","13664","Resolve.exe","2026/8/6 11:44:27","17.25","2371.3","""C:\Program Files\Blackmagic Design\DaVinci Resolve\Resolve.exe"" ","localhost","160981bb-972a-4a18-945d-411590c8178c","False","9461138a-a70e-4b45-a765-bd27fd19272c"
"2026-08-06T11:44:44.1760134+08:00","275.706","38568","13664","Resolve.exe","2026/8/6 11:44:27","19.344","2530.2","""C:\Program Files\Blackmagic Design\DaVinci Resolve\Resolve.exe"" ","localhost","160981bb-972a-4a18-945d-411590c8178c","False","9461138a-a70e-4b45-a765-bd27fd19272c"
"2026-08-06T11:44:46.1878981+08:00","240.215","38568","13664","Resolve.exe","2026/8/6 11:44:27","20.828","2579.9","""C:\Program Files\Blackmagic Design\DaVinci Resolve\Resolve.exe"" ","localhost","160981bb-972a-4a18-945d-411590c8178c","False","9461138a-a70e-4b45-a765-bd27fd19272c"
"2026-08-06T11:44:48.1968164+08:00","287.076","38568","13664","Resolve.exe","2026/8/6 11:44:27","22.469","2582.8","""C:\Program Files\Blackmagic Design\DaVinci Resolve\Resolve.exe"" ","localhost","160981bb-972a-4a18-945d-411590c8178c","False","9461138a-a70e-4b45-a765-bd27fd19272c"
"2026-08-06T11:44:50.2087592+08:00","231.006","38568","13664","Resolve.exe","2026/8/6 11:44:27","24.656","2585.8","""C:\Program Files\Blackmagic Design\DaVinci Resolve\Resolve.exe"" ","localhost","160981bb-972a-4a18-945d-411590c8178c","False","9461138a-a70e-4b45-a765-bd27fd19272c"
"2026-08-06T11:44:52.2234016+08:00","298.678","38568","13664","Resolve.exe","2026/8/6 11:44:27","27.438","2590.1","""C:\Program Files\Blackmagic Design\DaVinci Resolve\Resolve.exe"" ","localhost","160981bb-972a-4a18-945d-411590c8178c","False","9461138a-a70e-4b45-a765-bd27fd19272c"
"2026-08-06T11:44:54.2371106+08:00","217.907","38568","13664","Resolve.exe","2026/8/6 11:44:27","33.109","2588.2","""C:\Program Files\Blackmagic Design\DaVinci Resolve\Resolve.exe"" ","localhost","160981bb-972a-4a18-945d-411590c8178c","False","9461138a-a70e-4b45-a765-bd27fd19272c"
"2026-08-06T11:44:56.2504638+08:00","236.665","38568","13664","Resolve.exe","2026/8/6 11:44:27","35.141","2588.2","""C:\Program Files\Blackmagic Design\DaVinci Resolve\Resolve.exe"" ","localhost","160981bb-972a-4a18-945d-411590c8178c","False","9461138a-a70e-4b45-a765-bd27fd19272c"
"2026-08-06T11:44:58.2532665+08:00","242.181","38568","13664","Resolve.exe","2026/8/6 11:44:27","37.156","2524.4","""C:\Program Files\Blackmagic Design\DaVinci Resolve\Resolve.exe"" ","localhost","160981bb-972a-4a18-945d-411590c8178c","False","9461138a-a70e-4b45-a765-bd27fd19272c"
"2026-08-06T11:45:00.2675153+08:00","271.051","38568","13664","Resolve.exe","2026/8/6 11:44:27","39.203","2524.3","""C:\Program Files\Blackmagic Design\DaVinci Resolve\Resolve.exe"" ","localhost","160981bb-972a-4a18-945d-411590c8178c","False","9461138a-a70e-4b45-a765-bd27fd19272c"
"2026-08-06T11:45:02.2823833+08:00","280.73","38568","13664","Resolve.exe","2026/8/6 11:44:27","41.156","2590.2","""C:\Program Files\Blackmagic Design\DaVinci Resolve\Resolve.exe"" ","localhost","160981bb-972a-4a18-945d-411590c8178c","False","9461138a-a70e-4b45-a765-bd27fd19272c"
"2026-08-06T11:45:04.2946544+08:00","156.335","38568","13664","Resolve.exe","2026/8/6 11:44:27","41.562","2590.3","""C:\Program Files\Blackmagic Design\DaVinci Resolve\Resolve.exe"" ","localhost","160981bb-972a-4a18-945d-411590c8178c","False","9461138a-a70e-4b45-a765-bd27fd19272c"
"2026-08-06T11:45:06.3084842+08:00","212.471","38568","13664","Resolve.exe","2026/8/6 11:44:27","41.797","2588.7","""C:\Program Files\Blackmagic Design\DaVinci Resolve\Resolve.exe"" ","localhost","160981bb-972a-4a18-945d-411590c8178c","False","9461138a-a70e-4b45-a765-bd27fd19272c"
"2026-08-06T11:45:08.3198655+08:00","182.386","38568","13664","Resolve.exe","2026/8/6 11:44:27","42.062","2588.7","""C:\Program Files\Blackmagic Design\DaVinci Resolve\Resolve.exe"" ","localhost","160981bb-972a-4a18-945d-411590c8178c","False","9461138a-a70e-4b45-a765-bd27fd19272c"
"2026-08-06T11:45:10.3284296+08:00","195.04","38568","13664","Resolve.exe","2026/8/6 11:44:27","42.156","2524.9","""C:\Program Files\Blackmagic Design\DaVinci Resolve\Resolve.exe"" ","localhost","160981bb-972a-4a18-945d-411590c8178c","False","9461138a-a70e-4b45-a765-bd27fd19272c"
"2026-08-06T11:45:12.3395434+08:00","222.163","38568","13664","Resolve.exe","2026/8/6 11:44:27","42.312","2524.2","""C:\Program Files\Blackmagic Design\DaVinci Resolve\Resolve.exe"" ","localhost","160981bb-972a-4a18-945d-411590c8178c","False","9461138a-a70e-4b45-a765-bd27fd19272c"
"2026-08-06T11:45:14.3412457+08:00","257.361","38568","13664","Resolve.exe","2026/8/6 11:44:27","42.5","2524.2","""C:\Program Files\Blackmagic Design\DaVinci Resolve\Resolve.exe"" ","localhost","160981bb-972a-4a18-945d-411590c8178c","False","9461138a-a70e-4b45-a765-bd27fd19272c"
"2026-08-06T11:45:16.3454186+08:00","264.326","38568","13664","Resolve.exe","2026/8/6 11:44:27","44.469","2590.1","""C:\Program Files\Blackmagic Design\DaVinci Resolve\Resolve.exe"" ","localhost","160981bb-972a-4a18-945d-411590c8178c","False","9461138a-a70e-4b45-a765-bd27fd19272c"
"2026-08-06T11:45:18.3580886+08:00","231.903","38568","13664","Resolve.exe","2026/8/6 11:44:27","45.297","2590.4","""C:\Program Files\Blackmagic Design\DaVinci Resolve\Resolve.exe"" ","localhost","160981bb-972a-4a18-945d-411590c8178c","False","9461138a-a70e-4b45-a765-bd27fd19272c"
"2026-08-06T11:45:20.3709849+08:00","232.432","38568","13664","Resolve.exe","2026/8/6 11:44:27","46.594","2591.2","""C:\Program Files\Blackmagic Design\DaVinci Resolve\Resolve.exe"" ","localhost","160981bb-972a-4a18-945d-411590c8178c","False","9461138a-a70e-4b45-a765-bd27fd19272c"
"2026-08-06T11:45:22.3802346+08:00","261.156","38568","13664","Resolve.exe","2026/8/6 11:44:27","47.562","2592.2","""C:\Program Files\Blackmagic Design\DaVinci Resolve\Resolve.exe"" ","localhost","160981bb-972a-4a18-945d-411590c8178c","False","9461138a-a70e-4b45-a765-bd27fd19272c"
"2026-08-06T11:45:24.3946447+08:00","203.12","38568","13664","Resolve.exe","2026/8/6 11:44:27","48.297","2594.5","""C:\Program Files\Blackmagic Design\DaVinci Resolve\Resolve.exe"" ","localhost","160981bb-972a-4a18-945d-411590c8178c","False","9461138a-a70e-4b45-a765-bd27fd19272c"
"2026-08-06T11:45:26.4027349+08:00","250.096","38568","13664","Resolve.exe","2026/8/6 11:44:27","48.516","2594.1","""C:\Program Files\Blackmagic Design\DaVinci Resolve\Resolve.exe"" ","localhost","160981bb-972a-4a18-945d-411590c8178c","False","9461138a-a70e-4b45-a765-bd27fd19272c"
"2026-08-06T11:45:28.4068544+08:00","284.861","38568","13664","Resolve.exe","2026/8/6 11:44:27","48.703","2592.4","""C:\Program Files\Blackmagic Design\DaVinci Resolve\Resolve.exe"" ","localhost","160981bb-972a-4a18-945d-411590c8178c","False","9461138a-a70e-4b45-a765-bd27fd19272c"
"2026-08-06T11:45:30.4156316+08:00","232.67","38568","13664","Resolve.exe","2026/8/6 11:44:27","48.828","2592.4","""C:\Program Files\Blackmagic Design\DaVinci Resolve\Resolve.exe"" ","localhost","160981bb-972a-4a18-945d-411590c8178c","False","9461138a-a70e-4b45-a765-bd27fd19272c"
"2026-08-06T11:45:32.4242939+08:00","257.169","38568","13664","Resolve.exe","2026/8/6 11:44:27","49","2592.4","""C:\Program Files\Blackmagic Design\DaVinci Resolve\Resolve.exe"" ","localhost","160981bb-972a-4a18-945d-411590c8178c","False","9461138a-a70e-4b45-a765-bd27fd19272c"
"2026-08-06T11:45:34.4346343+08:00","232.506","38568","13664","Resolve.exe","2026/8/6 11:44:27","49.016","2528.5","""C:\Program Files\Blackmagic Design\DaVinci Resolve\Resolve.exe"" ","localhost","160981bb-972a-4a18-945d-411590c8178c","False","9461138a-a70e-4b45-a765-bd27fd19272c"
"2026-08-06T11:45:36.4430581+08:00","191.39","38568","13664","Resolve.exe","2026/8/6 11:44:27","49.109","2528.5","""C:\Program Files\Blackmagic Design\DaVinci Resolve\Resolve.exe"" ","localhost","160981bb-972a-4a18-945d-411590c8178c","False","9461138a-a70e-4b45-a765-bd27fd19272c"
"2026-08-06T11:45:38.4545527+08:00","255.865","38568","13664","Resolve.exe","2026/8/6 11:44:27","49.312","2528.5","""C:\Program Files\Blackmagic Design\DaVinci Resolve\Resolve.exe"" ","localhost","160981bb-972a-4a18-945d-411590c8178c","False","9461138a-a70e-4b45-a765-bd27fd19272c"
"2026-08-06T11:45:40.4664444+08:00","251.401","38568","13664","Resolve.exe","2026/8/6 11:44:27","49.578","2528.5","""C:\Program Files\Blackmagic Design\DaVinci Resolve\Resolve.exe"" ","localhost","160981bb-972a-4a18-945d-411590c8178c","False","9461138a-a70e-4b45-a765-bd27fd19272c"
"2026-08-06T11:45:42.4742841+08:00","262.21","38568","13664","Resolve.exe","2026/8/6 11:44:27","51.328","2596.2","""C:\Program Files\Blackmagic Design\DaVinci Resolve\Resolve.exe"" ","localhost","160981bb-972a-4a18-945d-411590c8178c","False","9461138a-a70e-4b45-a765-bd27fd19272c"
"2026-08-06T11:45:44.4877054+08:00","229.84","38568","13664","Resolve.exe","2026/8/6 11:44:27","52.266","2596.6","""C:\Program Files\Blackmagic Design\DaVinci Resolve\Resolve.exe"" ","localhost","160981bb-972a-4a18-945d-411590c8178c","False","9461138a-a70e-4b45-a765-bd27fd19272c"
"2026-08-06T11:45:46.4975512+08:00","229.337","38568","13664","Resolve.exe","2026/8/6 11:44:27","53.016","2596.6","""C:\Program Files\Blackmagic Design\DaVinci Resolve\Resolve.exe"" ","localhost","160981bb-972a-4a18-945d-411590c8178c","False","9461138a-a70e-4b45-a765-bd27fd19272c"
"2026-08-06T11:45:48.5044845+08:00","259.671","38568","13664","Resolve.exe","2026/8/6 11:44:27","53.375","2596.6","""C:\Program Files\Blackmagic Design\DaVinci Resolve\Resolve.exe"" ","localhost","160981bb-972a-4a18-945d-411590c8178c","False","9461138a-a70e-4b45-a765-bd27fd19272c"
"2026-08-06T11:45:50.5062459+08:00","266.988","38568","13664","Resolve.exe","2026/8/6 11:44:27","53.609","2596.6","""C:\Program Files\Blackmagic Design\DaVinci Resolve\Resolve.exe"" ","localhost","160981bb-972a-4a18-945d-411590c8178c","False","9461138a-a70e-4b45-a765-bd27fd19272c"
"2026-08-06T11:45:52.5172631+08:00","294.204","38568","13664","Resolve.exe","2026/8/6 11:44:27","53.719","2595","""C:\Program Files\Blackmagic Design\DaVinci Resolve\Resolve.exe"" ","localhost","160981bb-972a-4a18-945d-411590c8178c","False","9461138a-a70e-4b45-a765-bd27fd19272c"
"2026-08-06T11:45:54.5280886+08:00","262.539","38568","13664","Resolve.exe","2026/8/6 11:44:27","53.859","2531.2","""C:\Program Files\Blackmagic Design\DaVinci Resolve\Resolve.exe"" ","localhost","160981bb-972a-4a18-945d-411590c8178c","False","9461138a-a70e-4b45-a765-bd27fd19272c"
"2026-08-06T11:45:56.5290046+08:00","245.902","38568","13664","Resolve.exe","2026/8/6 11:44:27","54.25","2531.2","""C:\Program Files\Blackmagic Design\DaVinci Resolve\Resolve.exe"" ","localhost","160981bb-972a-4a18-945d-411590c8178c","False","9461138a-a70e-4b45-a765-bd27fd19272c"
"2026-08-06T11:45:58.5361198+08:00","271.705","38568","13664","Resolve.exe","2026/8/6 11:44:27","54.5","2531.1","""C:\Program Files\Blackmagic Design\DaVinci Resolve\Resolve.exe"" ","localhost","160981bb-972a-4a18-945d-411590c8178c","False","9461138a-a70e-4b45-a765-bd27fd19272c"
"2026-08-06T11:46:00.5482824+08:00","207.167","38568","13664","Resolve.exe","2026/8/6 11:44:27","54.578","2531.1","""C:\Program Files\Blackmagic Design\DaVinci Resolve\Resolve.exe"" ","localhost","160981bb-972a-4a18-945d-411590c8178c","False","9461138a-a70e-4b45-a765-bd27fd19272c"
"2026-08-06T11:46:02.5542283+08:00","208.506","38568","13664","Resolve.exe","2026/8/6 11:44:27","54.891","2531.1","""C:\Program Files\Blackmagic Design\DaVinci Resolve\Resolve.exe"" ","localhost","160981bb-972a-4a18-945d-411590c8178c","False","9461138a-a70e-4b45-a765-bd27fd19272c"
"2026-08-06T11:46:04.5667466+08:00","204.451","38568","13664","Resolve.exe","2026/8/6 11:44:27","55.016","2531.1","""C:\Program Files\Blackmagic Design\DaVinci Resolve\Resolve.exe"" ","localhost","160981bb-972a-4a18-945d-411590c8178c","False","9461138a-a70e-4b45-a765-bd27fd19272c"
"2026-08-06T11:46:06.5738424+08:00","203.84","38568","13664","Resolve.exe","2026/8/6 11:44:27","55.094","2531.1","""C:\Program Files\Blackmagic Design\DaVinci Resolve\Resolve.exe"" ","localhost","160981bb-972a-4a18-945d-411590c8178c","False","9461138a-a70e-4b45-a765-bd27fd19272c"
"2026-08-06T11:46:08.5777018+08:00","266.166","38568","13664","Resolve.exe","2026/8/6 11:44:27","55.266","2531.1","""C:\Program Files\Blackmagic Design\DaVinci Resolve\Resolve.exe"" ","localhost","160981bb-972a-4a18-945d-411590c8178c","False","9461138a-a70e-4b45-a765-bd27fd19272c"
"2026-08-06T11:46:10.5890372+08:00","256.536","38568","13664","Resolve.exe","2026/8/6 11:44:27","55.297","2531.1","""C:\Program Files\Blackmagic Design\DaVinci Resolve\Resolve.exe"" ","localhost","160981bb-972a-4a18-945d-411590c8178c","False","9461138a-a70e-4b45-a765-bd27fd19272c"
"2026-08-06T11:46:12.6005028+08:00","218.136","38568","13664","Resolve.exe","2026/8/6 11:44:27","55.438","2531.1","""C:\Program Files\Blackmagic Design\DaVinci Resolve\Resolve.exe"" ","localhost","160981bb-972a-4a18-945d-411590c8178c","False","9461138a-a70e-4b45-a765-bd27fd19272c"
"2026-08-06T11:46:14.6123624+08:00","229.337","38568","13664","Resolve.exe","2026/8/6 11:44:27","55.531","2531.1","""C:\Program Files\Blackmagic Design\DaVinci Resolve\Resolve.exe"" ","localhost","160981bb-972a-4a18-945d-411590c8178c","False","9461138a-a70e-4b45-a765-bd27fd19272c"
"2026-08-06T11:46:16.6196357+08:00","235.692","38568","13664","Resolve.exe","2026/8/6 11:44:27","55.797","2531.1","""C:\Program Files\Blackmagic Design\DaVinci Resolve\Resolve.exe"" ","localhost","160981bb-972a-4a18-945d-411590c8178c","False","9461138a-a70e-4b45-a765-bd27fd19272c"
"2026-08-06T11:46:18.6327694+08:00","239.978","38568","13664","Resolve.exe","2026/8/6 11:44:27","55.891","2531.1","""C:\Program Files\Blackmagic Design\DaVinci Resolve\Resolve.exe"" ","localhost","160981bb-972a-4a18-945d-411590c8178c","False","9461138a-a70e-4b45-a765-bd27fd19272c"
"2026-08-06T11:46:20.6452226+08:00","226.577","38568","13664","Resolve.exe","2026/8/6 11:44:27","55.984","2531.1","""C:\Program Files\Blackmagic Design\DaVinci Resolve\Resolve.exe"" ","localhost","160981bb-972a-4a18-945d-411590c8178c","False","9461138a-a70e-4b45-a765-bd27fd19272c"
"2026-08-06T11:46:22.6596343+08:00","278.465","38568","13664","Resolve.exe","2026/8/6 11:44:27","56.078","2531.1","""C:\Program Files\Blackmagic Design\DaVinci Resolve\Resolve.exe"" ","localhost","160981bb-972a-4a18-945d-411590c8178c","False","9461138a-a70e-4b45-a765-bd27fd19272c"
"2026-08-06T11:46:24.6585840+08:00","210.737","38568","13664","Resolve.exe","2026/8/6 11:44:27","56.156","2531.1","""C:\Program Files\Blackmagic Design\DaVinci Resolve\Resolve.exe"" ","localhost","160981bb-972a-4a18-945d-411590c8178c","False","9461138a-a70e-4b45-a765-bd27fd19272c"
"2026-08-06T11:46:26.6713127+08:00","237.683","38568","13664","Resolve.exe","2026/8/6 11:44:27","56.406","2531.1","""C:\Program Files\Blackmagic Design\DaVinci Resolve\Resolve.exe"" ","localhost","160981bb-972a-4a18-945d-411590c8178c","False","9461138a-a70e-4b45-a765-bd27fd19272c"
"2026-08-06T11:46:28.6777064+08:00","244.598","38568","13664","Resolve.exe","2026/8/6 11:44:27","56.594","2531.1","""C:\Program Files\Blackmagic Design\DaVinci Resolve\Resolve.exe"" ","localhost","160981bb-972a-4a18-945d-411590c8178c","False","9461138a-a70e-4b45-a765-bd27fd19272c"
"2026-08-06T11:46:30.6905117+08:00","242.462","38568","13664","Resolve.exe","2026/8/6 11:44:27","56.781","2531.1","""C:\Program Files\Blackmagic Design\DaVinci Resolve\Resolve.exe"" ","localhost","160981bb-972a-4a18-945d-411590c8178c","False","9461138a-a70e-4b45-a765-bd27fd19272c"
"2026-08-06T11:46:32.7043961+08:00","271.237","38568","13664","Resolve.exe","2026/8/6 11:44:27","57.109","2531.1","""C:\Program Files\Blackmagic Design\DaVinci Resolve\Resolve.exe"" ","localhost","160981bb-972a-4a18-945d-411590c8178c","False","9461138a-a70e-4b45-a765-bd27fd19272c"
"2026-08-06T11:46:34.7154394+08:00","213.68","38568","13664","Resolve.exe","2026/8/6 11:44:27","57.484","2531.1","""C:\Program Files\Blackmagic Design\DaVinci Resolve\Resolve.exe"" ","localhost","160981bb-972a-4a18-945d-411590c8178c","False","9461138a-a70e-4b45-a765-bd27fd19272c"
"2026-08-06T11:46:36.7279870+08:00","250.113","38568","13664","Resolve.exe","2026/8/6 11:44:27","57.656","2531.1","""C:\Program Files\Blackmagic Design\DaVinci Resolve\Resolve.exe"" ","localhost","160981bb-972a-4a18-945d-411590c8178c","False","9461138a-a70e-4b45-a765-bd27fd19272c"
"2026-08-06T11:46:38.7378102+08:00","214.141","38568","13664","Resolve.exe","2026/8/6 11:44:27","57.688","2531.1","""C:\Program Files\Blackmagic Design\DaVinci Resolve\Resolve.exe"" ","localhost","160981bb-972a-4a18-945d-411590c8178c","False","9461138a-a70e-4b45-a765-bd27fd19272c"
"2026-08-06T11:46:40.7486239+08:00","227.84","38568","13664","Resolve.exe","2026/8/6 11:44:27","57.766","2596.6","""C:\Program Files\Blackmagic Design\DaVinci Resolve\Resolve.exe"" ","localhost","160981bb-972a-4a18-945d-411590c8178c","False","9461138a-a70e-4b45-a765-bd27fd19272c"
"2026-08-06T11:46:42.7630379+08:00","262.297","38568","13664","Resolve.exe","2026/8/6 11:44:27","57.859","2596.5","""C:\Program Files\Blackmagic Design\DaVinci Resolve\Resolve.exe"" ","localhost","160981bb-972a-4a18-945d-411590c8178c","False","9461138a-a70e-4b45-a765-bd27fd19272c"
"2026-08-06T11:46:44.7751301+08:00","230.515","38568","13664","Resolve.exe","2026/8/6 11:44:27","58.031","2594.9","""C:\Program Files\Blackmagic Design\DaVinci Resolve\Resolve.exe"" ","localhost","160981bb-972a-4a18-945d-411590c8178c","False","9461138a-a70e-4b45-a765-bd27fd19272c"
"2026-08-06T11:46:46.7847184+08:00","198.402","38568","13664","Resolve.exe","2026/8/6 11:44:27","58.203","2594.9","""C:\Program Files\Blackmagic Design\DaVinci Resolve\Resolve.exe"" ","localhost","160981bb-972a-4a18-945d-411590c8178c","False","9461138a-a70e-4b45-a765-bd27fd19272c"
"2026-08-06T11:46:48.7929084+08:00","222.816","38568","13664","Resolve.exe","2026/8/6 11:44:27","58.266","2594.9","""C:\Program Files\Blackmagic Design\DaVinci Resolve\Resolve.exe"" ","localhost","160981bb-972a-4a18-945d-411590c8178c","False","9461138a-a70e-4b45-a765-bd27fd19272c"
"2026-08-06T11:46:50.8031235+08:00","218.442","38568","13664","Resolve.exe","2026/8/6 11:44:27","58.375","2531","""C:\Program Files\Blackmagic Design\DaVinci Resolve\Resolve.exe"" ","localhost","160981bb-972a-4a18-945d-411590c8178c","False","9461138a-a70e-4b45-a765-bd27fd19272c"
"2026-08-06T11:46:52.8110210+08:00","243.715","38568","13664","Resolve.exe","2026/8/6 11:44:27","58.516","2531","""C:\Program Files\Blackmagic Design\DaVinci Resolve\Resolve.exe"" ","localhost","160981bb-972a-4a18-945d-411590c8178c","False","9461138a-a70e-4b45-a765-bd27fd19272c"
"2026-08-06T11:46:54.8170775+08:00","256.528","38568","13664","Resolve.exe","2026/8/6 11:44:27","58.578","2531.2","""C:\Program Files\Blackmagic Design\DaVinci Resolve\Resolve.exe"" ","localhost","160981bb-972a-4a18-945d-411590c8178c","False","9461138a-a70e-4b45-a765-bd27fd19272c"
"2026-08-06T11:46:56.8286233+08:00","243.413","38568","13664","Resolve.exe","2026/8/6 11:44:27","58.688","2531.2","""C:\Program Files\Blackmagic Design\DaVinci Resolve\Resolve.exe"" ","localhost","160981bb-972a-4a18-945d-411590c8178c","False","9461138a-a70e-4b45-a765-bd27fd19272c"
"2026-08-06T11:46:58.8394118+08:00","252.45","38568","13664","Resolve.exe","2026/8/6 11:44:27","58.75","2531.2","""C:\Program Files\Blackmagic Design\DaVinci Resolve\Resolve.exe"" ","localhost","160981bb-972a-4a18-945d-411590c8178c","False","9461138a-a70e-4b45-a765-bd27fd19272c"
"2026-08-06T11:47:00.8512562+08:00","215.619","38568","13664","Resolve.exe","2026/8/6 11:44:27","58.766","2531.2","""C:\Program Files\Blackmagic Design\DaVinci Resolve\Resolve.exe"" ","localhost","160981bb-972a-4a18-945d-411590c8178c","False","9461138a-a70e-4b45-a765-bd27fd19272c"
"2026-08-06T11:47:02.8635876+08:00","217.171","38568","13664","Resolve.exe","2026/8/6 11:44:27","58.906","2531.2","""C:\Program Files\Blackmagic Design\DaVinci Resolve\Resolve.exe"" ","localhost","160981bb-972a-4a18-945d-411590c8178c","False","9461138a-a70e-4b45-a765-bd27fd19272c"
"2026-08-06T11:47:04.8740874+08:00","238.358","38568","13664","Resolve.exe","2026/8/6 11:44:27","59.016","2531.2","""C:\Program Files\Blackmagic Design\DaVinci Resolve\Resolve.exe"" ","localhost","160981bb-972a-4a18-945d-411590c8178c","False","9461138a-a70e-4b45-a765-bd27fd19272c"
"2026-08-06T11:47:06.8851664+08:00","279.146","38568","13664","Resolve.exe","2026/8/6 11:44:27","59.078","2531.2","""C:\Program Files\Blackmagic Design\DaVinci Resolve\Resolve.exe"" ","localhost","160981bb-972a-4a18-945d-411590c8178c","False","9461138a-a70e-4b45-a765-bd27fd19272c"
"2026-08-06T11:47:08.8968664+08:00","244.738","38568","13664","Resolve.exe","2026/8/6 11:44:27","59.297","2531.2","""C:\Program Files\Blackmagic Design\DaVinci Resolve\Resolve.exe"" ","localhost","160981bb-972a-4a18-945d-411590c8178c","False","9461138a-a70e-4b45-a765-bd27fd19272c"
"2026-08-06T11:47:10.9071805+08:00","247.91","38568","13664","Resolve.exe","2026/8/6 11:44:27","59.562","2531.2","""C:\Program Files\Blackmagic Design\DaVinci Resolve\Resolve.exe"" ","localhost","160981bb-972a-4a18-945d-411590c8178c","False","9461138a-a70e-4b45-a765-bd27fd19272c"
"2026-08-06T11:47:12.9111767+08:00","232.752","38568","13664","Resolve.exe","2026/8/6 11:44:27","59.719","2531.2","""C:\Program Files\Blackmagic Design\DaVinci Resolve\Resolve.exe"" ","localhost","160981bb-972a-4a18-945d-411590c8178c","False","9461138a-a70e-4b45-a765-bd27fd19272c"
"2026-08-06T11:47:14.9252615+08:00","235.5","38568","13664","Resolve.exe","2026/8/6 11:44:27","59.734","2531.2","""C:\Program Files\Blackmagic Design\DaVinci Resolve\Resolve.exe"" ","localhost","160981bb-972a-4a18-945d-411590c8178c","False","9461138a-a70e-4b45-a765-bd27fd19272c"
"2026-08-06T11:47:16.9369970+08:00","255.069","38568","13664","Resolve.exe","2026/8/6 11:44:27","59.844","2531.2","""C:\Program Files\Blackmagic Design\DaVinci Resolve\Resolve.exe"" ","localhost","160981bb-972a-4a18-945d-411590c8178c","False","9461138a-a70e-4b45-a765-bd27fd19272c"
"2026-08-06T11:47:18.9410740+08:00","223.488","38568","13664","Resolve.exe","2026/8/6 11:44:27","60.125","2531.2","""C:\Program Files\Blackmagic Design\DaVinci Resolve\Resolve.exe"" ","localhost","160981bb-972a-4a18-945d-411590c8178c","False","9461138a-a70e-4b45-a765-bd27fd19272c"
"2026-08-06T11:47:20.9509088+08:00","239.038","38568","13664","Resolve.exe","2026/8/6 11:44:27","60.219","2531.2","""C:\Program Files\Blackmagic Design\DaVinci Resolve\Resolve.exe"" ","localhost","160981bb-972a-4a18-945d-411590c8178c","False","9461138a-a70e-4b45-a765-bd27fd19272c"
"2026-08-06T11:47:22.9637580+08:00","235.848","38568","13664","Resolve.exe","2026/8/6 11:44:27","60.312","2531.2","""C:\Program Files\Blackmagic Design\DaVinci Resolve\Resolve.exe"" ","localhost","160981bb-972a-4a18-945d-411590c8178c","False","9461138a-a70e-4b45-a765-bd27fd19272c"
"2026-08-06T11:47:24.9691427+08:00","249.145","38568","13664","Resolve.exe","2026/8/6 11:44:27","60.438","2531.2","""C:\Program Files\Blackmagic Design\DaVinci Resolve\Resolve.exe"" ","localhost","160981bb-972a-4a18-945d-411590c8178c","False","9461138a-a70e-4b45-a765-bd27fd19272c"
"2026-08-06T11:47:26.9757670+08:00","269.082","38568","13664","Resolve.exe","2026/8/6 11:44:27","60.469","2531.2","""C:\Program Files\Blackmagic Design\DaVinci Resolve\Resolve.exe"" ","localhost","160981bb-972a-4a18-945d-411590c8178c","False","9461138a-a70e-4b45-a765-bd27fd19272c"
