"Timestamp","ProcessId","ParentProcessId","Name","Responding","CpuSeconds","WorkingSetMB","CreationDate","CommandLine"
"2026-07-29T14:40:54.9183457+08:00","65440","69276","Resolve.exe","True","0.938","282.2","2026/7/29 14:40:54","""C:\Program Files\Blackmagic Design\DaVinci Resolve\Resolve.exe"" "
"2026-07-29T14:40:56.1649646+08:00","65440","69276","Resolve.exe","True","2.828","385.5","2026/7/29 14:40:54","""C:\Program Files\Blackmagic Design\DaVinci Resolve\Resolve.exe"" "
"2026-07-29T14:40:57.4171661+08:00","65440","69276","Resolve.exe","True","3.953","796","2026/7/29 14:40:54","""C:\Program Files\Blackmagic Design\DaVinci Resolve\Resolve.exe"" "
"2026-07-29T14:40:58.5939218+08:00","65440","69276","Resolve.exe","True","6.469","1329.6","2026/7/29 14:40:54","""C:\Program Files\Blackmagic Design\DaVinci Resolve\Resolve.exe"" "
"2026-07-29T14:41:02.3857625+08:00","65440","69276","Resolve.exe","True","8.625","1724.6","2026/7/29 14:40:54","""C:\Program Files\Blackmagic Design\DaVinci Resolve\Resolve.exe"" "
"2026-07-29T14:41:04.0894586+08:00","65440","69276","Resolve.exe","True","10.172","1856.7","2026/7/29 14:40:54","""C:\Program Files\Blackmagic Design\DaVinci Resolve\Resolve.exe"" "
"2026-07-29T14:41:05.2645974+08:00","65440","69276","Resolve.exe","True","11.344","1938.1","2026/7/29 14:40:54","""C:\Program Files\Blackmagic Design\DaVinci Resolve\Resolve.exe"" "
"2026-07-29T14:41:07.1527839+08:00","65440","69276","Resolve.exe","True","13.547","2061.4","2026/7/29 14:40:54","""C:\Program Files\Blackmagic Design\DaVinci Resolve\Resolve.exe"" "
"2026-07-29T14:41:08.3983188+08:00","65440","69276","Resolve.exe","True","14.516","2071.1","2026/7/29 14:40:54","""C:\Program Files\Blackmagic Design\DaVinci Resolve\Resolve.exe"" "
"2026-07-29T14:41:09.5845603+08:00","65440","69276","Resolve.exe","True","16.391","2071.3","2026/7/29 14:40:54","""C:\Program Files\Blackmagic Design\DaVinci Resolve\Resolve.exe"" "
"2026-07-29T14:41:10.7226402+08:00","65440","69276","Resolve.exe","True","16.453","2071.3","2026/7/29 14:40:54","""C:\Program Files\Blackmagic Design\DaVinci Resolve\Resolve.exe"" "
"2026-07-29T14:41:11.8923618+08:00","65440","69276","Resolve.exe","True","16.516","2071.3","2026/7/29 14:40:54","""C:\Program Files\Blackmagic Design\DaVinci Resolve\Resolve.exe"" "
"2026-07-29T14:41:13.0727917+08:00","65440","69276","Resolve.exe","True","16.547","2071.3","2026/7/29 14:40:54","""C:\Program Files\Blackmagic Design\DaVinci Resolve\Resolve.exe"" "
"2026-07-29T14:41:14.2180800+08:00","65440","69276","Resolve.exe","True","16.594","2071.3","2026/7/29 14:40:54","""C:\Program Files\Blackmagic Design\DaVinci Resolve\Resolve.exe"" "
"2026-07-29T14:41:15.3893055+08:00","65440","69276","Resolve.exe","True","16.656","2071.3","2026/7/29 14:40:54","""C:\Program Files\Blackmagic Design\DaVinci Resolve\Resolve.exe"" "
"2026-07-29T14:41:16.5874148+08:00","65440","69276","Resolve.exe","True","16.703","2071.3","2026/7/29 14:40:54","""C:\Program Files\Blackmagic Design\DaVinci Resolve\Resolve.exe"" "
"2026-07-29T14:41:17.7429754+08:00","65440","69276","Resolve.exe","True","16.75","2071.3","2026/7/29 14:40:54","""C:\Program Files\Blackmagic Design\DaVinci Resolve\Resolve.exe"" "
"2026-07-29T14:41:18.8969720+08:00","65440","69276","Resolve.exe","True","16.781","2071.3","2026/7/29 14:40:54","""C:\Program Files\Blackmagic Design\DaVinci Resolve\Resolve.exe"" "
"2026-07-29T14:41:20.0646613+08:00","65440","69276","Resolve.exe","True","20.828","2071","2026/7/29 14:40:54","""C:\Program Files\Blackmagic Design\DaVinci Resolve\Resolve.exe"" "
"2026-07-29T14:41:22.4277390+08:00","65440","69276","Resolve.exe","True","23.281","2071","2026/7/29 14:40:54","""C:\Program Files\Blackmagic Design\DaVinci Resolve\Resolve.exe"" "
"2026-07-29T14:41:28.0090394+08:00","65440","69276","Resolve.exe","True","28.312","2070.9","2026/7/29 14:40:54","""C:\Program Files\Blackmagic Design\DaVinci Resolve\Resolve.exe"" "
"2026-07-29T14:41:29.1627279+08:00","65440","69276","Resolve.exe","True","28.453","2070.9","2026/7/29 14:40:54","""C:\Program Files\Blackmagic Design\DaVinci Resolve\Resolve.exe"" "
"2026-07-29T14:41:30.3166344+08:00","65440","69276","Resolve.exe","True","28.5","2070.9","2026/7/29 14:40:54","""C:\Program Files\Blackmagic Design\DaVinci Resolve\Resolve.exe"" "
"2026-07-29T14:41:31.4620372+08:00","65440","69276","Resolve.exe","True","28.625","2070.9","2026/7/29 14:40:54","""C:\Program Files\Blackmagic Design\DaVinci Resolve\Resolve.exe"" "
"2026-07-29T14:41:32.5840302+08:00","65440","69276","Resolve.exe","True","28.688","2070.9","2026/7/29 14:40:54","""C:\Program Files\Blackmagic Design\DaVinci Resolve\Resolve.exe"" "
"2026-07-29T14:41:33.7547947+08:00","65440","69276","Resolve.exe","True","28.734","2070.9","2026/7/29 14:40:54","""C:\Program Files\Blackmagic Design\DaVinci Resolve\Resolve.exe"" "
"2026-07-29T14:41:34.8977257+08:00","65440","69276","Resolve.exe","True","28.797","2070.9","2026/7/29 14:40:54","""C:\Program Files\Blackmagic Design\DaVinci Resolve\Resolve.exe"" "
"2026-07-29T14:41:36.0587486+08:00","65440","69276","Resolve.exe","True","28.844","2070.9","2026/7/29 14:40:54","""C:\Program Files\Blackmagic Design\DaVinci Resolve\Resolve.exe"" "
"2026-07-29T14:41:37.2292152+08:00","65440","69276","Resolve.exe","True","28.891","2070.5","2026/7/29 14:40:54","""C:\Program Files\Blackmagic Design\DaVinci Resolve\Resolve.exe"" "
"2026-07-29T14:41:38.3522179+08:00","65440","69276","Resolve.exe","True","29","2070.5","2026/7/29 14:40:54","""C:\Program Files\Blackmagic Design\DaVinci Resolve\Resolve.exe"" "
"2026-07-29T14:41:39.5541317+08:00","65440","69276","Resolve.exe","True","29","2070.5","2026/7/29 14:40:54","""C:\Program Files\Blackmagic Design\DaVinci Resolve\Resolve.exe"" "
"2026-07-29T14:41:40.7084200+08:00","65440","69276","Resolve.exe","True","29.016","2070.5","2026/7/29 14:40:54","""C:\Program Files\Blackmagic Design\DaVinci Resolve\Resolve.exe"" "
"2026-07-29T14:41:41.8376198+08:00","65440","69276","Resolve.exe","True","29.141","2070.5","2026/7/29 14:40:54","""C:\Program Files\Blackmagic Design\DaVinci Resolve\Resolve.exe"" "
"2026-07-29T14:41:43.0364319+08:00","65440","69276","Resolve.exe","True","29.156","2070.5","2026/7/29 14:40:54","""C:\Program Files\Blackmagic Design\DaVinci Resolve\Resolve.exe"" "
"2026-07-29T14:41:44.1592911+08:00","65440","69276","Resolve.exe","True","29.281","2070.5","2026/7/29 14:40:54","""C:\Program Files\Blackmagic Design\DaVinci Resolve\Resolve.exe"" "
"2026-07-29T14:41:45.2870574+08:00","65440","69276","Resolve.exe","True","29.359","2070.5","2026/7/29 14:40:54","""C:\Program Files\Blackmagic Design\DaVinci Resolve\Resolve.exe"" "
"2026-07-29T14:41:46.5016918+08:00","65440","69276","Resolve.exe","True","29.391","2070.5","2026/7/29 14:40:54","""C:\Program Files\Blackmagic Design\DaVinci Resolve\Resolve.exe"" "
"2026-07-29T14:41:47.6427610+08:00","65440","69276","Resolve.exe","True","29.406","2070.5","2026/7/29 14:40:54","""C:\Program Files\Blackmagic Design\DaVinci Resolve\Resolve.exe"" "
"2026-07-29T14:41:48.8434797+08:00","65440","69276","Resolve.exe","True","29.609","2070.5","2026/7/29 14:40:54","""C:\Program Files\Blackmagic Design\DaVinci Resolve\Resolve.exe"" "
"2026-07-29T14:41:49.9886827+08:00","65440","69276","Resolve.exe","True","29.703","2070.5","2026/7/29 14:40:54","""C:\Program Files\Blackmagic Design\DaVinci Resolve\Resolve.exe"" "
"2026-07-29T14:41:51.1291998+08:00","65440","69276","Resolve.exe","True","29.703","2070.5","2026/7/29 14:40:54","""C:\Program Files\Blackmagic Design\DaVinci Resolve\Resolve.exe"" "
"2026-07-29T14:41:52.2509667+08:00","65440","69276","Resolve.exe","True","29.75","2070.5","2026/7/29 14:40:54","""C:\Program Files\Blackmagic Design\DaVinci Resolve\Resolve.exe"" "
"2026-07-29T14:41:53.3608207+08:00","65440","69276","Resolve.exe","True","29.906","2070.5","2026/7/29 14:40:54","""C:\Program Files\Blackmagic Design\DaVinci Resolve\Resolve.exe"" "
"2026-07-29T14:41:54.4941599+08:00","65440","69276","Resolve.exe","True","30.109","2070.4","2026/7/29 14:40:54","""C:\Program Files\Blackmagic Design\DaVinci Resolve\Resolve.exe"" "
"2026-07-29T14:41:55.6853335+08:00","65440","69276","Resolve.exe","True","30.172","2070.4","2026/7/29 14:40:54","""C:\Program Files\Blackmagic Design\DaVinci Resolve\Resolve.exe"" "
"2026-07-29T14:41:56.8222117+08:00","65440","69276","Resolve.exe","True","30.391","2070.3","2026/7/29 14:40:54","""C:\Program Files\Blackmagic Design\DaVinci Resolve\Resolve.exe"" "
"2026-07-29T14:41:57.9154064+08:00","65440","69276","Resolve.exe","True","30.484","2070.2","2026/7/29 14:40:54","""C:\Program Files\Blackmagic Design\DaVinci Resolve\Resolve.exe"" "
"2026-07-29T14:41:59.0852065+08:00","65440","69276","Resolve.exe","True","30.516","2070.2","2026/7/29 14:40:54","""C:\Program Files\Blackmagic Design\DaVinci Resolve\Resolve.exe"" "
"2026-07-29T14:42:00.2544457+08:00","65440","69276","Resolve.exe","True","30.547","2070.2","2026/7/29 14:40:54","""C:\Program Files\Blackmagic Design\DaVinci Resolve\Resolve.exe"" "
"2026-07-29T14:42:01.4097322+08:00","65440","69276","Resolve.exe","True","30.562","2070.2","2026/7/29 14:40:54","""C:\Program Files\Blackmagic Design\DaVinci Resolve\Resolve.exe"" "
"2026-07-29T14:42:02.5471149+08:00","65440","69276","Resolve.exe","True","30.609","2070.2","2026/7/29 14:40:54","""C:\Program Files\Blackmagic Design\DaVinci Resolve\Resolve.exe"" "
"2026-07-29T14:42:03.6869177+08:00","65440","69276","Resolve.exe","True","30.703","2070.2","2026/7/29 14:40:54","""C:\Program Files\Blackmagic Design\DaVinci Resolve\Resolve.exe"" "
"2026-07-29T14:42:04.8073768+08:00","65440","69276","Resolve.exe","True","30.719","2070.2","2026/7/29 14:40:54","""C:\Program Files\Blackmagic Design\DaVinci Resolve\Resolve.exe"" "
"2026-07-29T14:42:05.9825759+08:00","65440","69276","Resolve.exe","True","30.828","2070.2","2026/7/29 14:40:54","""C:\Program Files\Blackmagic Design\DaVinci Resolve\Resolve.exe"" "
"2026-07-29T14:42:07.1206696+08:00","65440","69276","Resolve.exe","True","30.859","2070.2","2026/7/29 14:40:54","""C:\Program Files\Blackmagic Design\DaVinci Resolve\Resolve.exe"" "
"2026-07-29T14:42:08.2288657+08:00","65440","69276","Resolve.exe","True","30.953","2070.2","2026/7/29 14:40:54","""C:\Program Files\Blackmagic Design\DaVinci Resolve\Resolve.exe"" "
"2026-07-29T14:42:09.3934409+08:00","65440","69276","Resolve.exe","True","31.016","2070.2","2026/7/29 14:40:54","""C:\Program Files\Blackmagic Design\DaVinci Resolve\Resolve.exe"" "
