"Timestamp","ProcessId","Responding","CpuSeconds","WorkingSetMB","Exited"
"2026-08-05T10:45:59.9017471+08:00","62240","True","0.5","240.9","False"
"2026-08-05T10:46:00.0088717+08:00","62240","True","0.719","258.1","False"
"2026-08-05T10:46:00.1018989+08:00","62240","True","0.906","270.2","False"
"2026-08-05T10:46:00.2097002+08:00","62240","True","1.125","278.4","False"
"2026-08-05T10:46:00.3039717+08:00","62240","True","1.312","289","False"
"2026-08-05T10:46:00.4146600+08:00","62240","True","1.531","299","False"
"2026-08-05T10:46:00.5093430+08:00","62240","True","1.719","306.3","False"
"2026-08-05T10:46:00.6185815+08:00","62240","True","1.938","324.8","False"
"2026-08-05T10:46:00.7122485+08:00","62240","True","2.109","335.5","False"
"2026-08-05T10:46:00.8060570+08:00","62240","True","2.25","342.1","False"
"2026-08-05T10:46:00.9164819+08:00","62240","True","2.453","347","False"
"2026-08-05T10:46:01.0114121+08:00","62240","True","2.609","354.7","False"
"2026-08-05T10:46:01.1051208+08:00","62240","True","2.781","357.5","False"
"2026-08-05T10:46:01.2130406+08:00","62240","True","2.984","364.8","False"
"2026-08-05T10:46:01.3075984+08:00","62240","True","3.156","370.7","False"
"2026-08-05T10:46:01.4007013+08:00","62240","True","3.266","376","False"
"2026-08-05T10:46:01.5095821+08:00","62240","True","3.375","380.8","False"
"2026-08-05T10:46:01.6026789+08:00","62240","True","3.469","388.1","False"
"2026-08-05T10:46:01.7129876+08:00","62240","True","3.578","391.5","False"
"2026-08-05T10:46:01.8070993+08:00","62240","True","3.672","426.9","False"
"2026-08-05T10:46:01.9179571+08:00","62240","True","3.75","528.3","False"
"2026-08-05T10:46:02.0103270+08:00","62240","True","3.938","625.2","False"
"2026-08-05T10:46:02.1053159+08:00","62240","True","4.219","697.2","False"
"2026-08-05T10:46:02.2133517+08:00","62240","True","4.375","699.2","False"
"2026-08-05T10:46:02.3065050+08:00","62240","True","4.453","725.4","False"
"2026-08-05T10:46:02.4157768+08:00","62240","True","4.516","730.6","False"
"2026-08-05T10:46:02.7942782+08:00","62240","True","4.844","809.4","False"
"2026-08-05T10:46:03.0539896+08:00","62240","True","5.594","872.4","False"
"2026-08-05T10:46:03.2084080+08:00","62240","True","5.656","872.5","False"
"2026-08-05T10:46:03.2232653+08:00","62240","True","5.719","873.4","False"
"2026-08-05T10:46:03.2378742+08:00","62240","True","6.266","903.5","False"
"2026-08-05T10:46:03.3879451+08:00","62240","True","6.312","903.5","False"
"2026-08-05T10:46:03.4020091+08:00","62240","True","6.375","903.5","False"
"2026-08-05T10:46:03.4221222+08:00","62240","True","6.438","918.7","False"
"2026-08-05T10:46:03.4435550+08:00","62240","True","6.547","943.1","False"
"2026-08-05T10:46:03.4650364+08:00","62240","True","7.172","986.3","False"
"2026-08-05T10:46:03.6928869+08:00","62240","True","13.047","1516.2","False"
"2026-08-05T10:46:07.1875304+08:00","62240","True","14.719","1623.1","False"
"2026-08-05T10:46:08.0268445+08:00","62240","True","16.5","1668.9","False"
"2026-08-05T10:46:08.9241125+08:00","62240","True","17.531","1713.8","False"
"2026-08-05T10:46:09.4098818+08:00","62240","True","18.266","1756.6","False"
"2026-08-05T10:46:09.7963652+08:00","62240","True","18.359","1760","False"
"2026-08-05T10:46:09.8470175+08:00","62240","True","18.906","1781","False"
"2026-08-05T10:46:10.1348971+08:00","62240","True","21.766","1888.3","False"
"2026-08-05T10:46:12.1041434+08:00","62240","True","22","1912.8","False"
"2026-08-05T10:46:12.2324270+08:00","62240","True","22.547","1994.9","False"
"2026-08-05T10:46:12.5370045+08:00","62240","True","23.016","2020.6","False"
"2026-08-05T10:46:12.9614054+08:00","62240","True","23.344","2056.8","False"
"2026-08-05T10:46:13.4589552+08:00","62240","True","23.359","2051.9","False"
"2026-08-05T10:46:13.4782715+08:00","62240","True","23.453","2052.7","False"
"2026-08-05T10:46:13.4947869+08:00","62240","True","23.562","2057.6","False"
"2026-08-05T10:46:13.5099580+08:00","62240","True","24.297","2119.7","False"
"2026-08-05T10:46:13.7542984+08:00","62240","True","24.344","2120","False"
"2026-08-05T10:46:13.7698635+08:00","62240","True","24.359","2120.1","False"
"2026-08-05T10:46:13.7827268+08:00","62240","True","24.359","2120.2","False"
"2026-08-05T10:46:13.7955688+08:00","62240","True","24.359","2118.8","False"
"2026-08-05T10:46:13.8086684+08:00","62240","True","24.406","2118.7","False"
"2026-08-05T10:46:13.8304415+08:00","62240","True","24.422","2107.7","False"
"2026-08-05T10:46:14.4740400+08:00","62240","True","24.484","2107.7","False"
"2026-08-05T10:46:14.4934983+08:00","62240","True","24.5","2107.7","False"
"2026-08-05T10:46:14.5080888+08:00","62240","True","24.516","2107.7","False"
"2026-08-05T10:46:14.5299885+08:00","62240","True","24.531","2107.7","False"
"2026-08-05T10:46:14.5409548+08:00","62240","True","24.547","2107.7","False"
"2026-08-05T10:46:14.5546026+08:00","62240","True","24.562","2107.7","False"
"2026-08-05T10:46:14.5680665+08:00","62240","True","24.578","2107.7","False"
"2026-08-05T10:46:14.5811298+08:00","62240","True","24.594","2107.7","False"
"2026-08-05T10:46:14.5948427+08:00","62240","True","24.609","2107.7","False"
"2026-08-05T10:46:14.6083655+08:00","62240","True","24.609","2107.7","False"
"2026-08-05T10:46:14.6215007+08:00","62240","True","24.625","2107.7","False"
"2026-08-05T10:46:14.6371817+08:00","62240","True","24.641","2107.7","False"
"2026-08-05T10:46:14.6497175+08:00","62240","True","24.656","2107.7","False"
"2026-08-05T10:46:14.6627377+08:00","62240","True","24.672","2107.7","False"
"2026-08-05T10:46:14.6749282+08:00","62240","True","24.688","2107.7","False"
"2026-08-05T10:46:14.6867900+08:00","62240","True","24.688","2107.7","False"
"2026-08-05T10:46:14.6998436+08:00","62240","True","24.703","2107.7","False"
"2026-08-05T10:46:14.7128803+08:00","62240","True","24.719","2107.7","False"
"2026-08-05T10:46:14.7243971+08:00","62240","True","24.734","2107.7","False"
"2026-08-05T10:46:14.7376661+08:00","62240","True","24.75","2107.7","False"
"2026-08-05T10:46:14.7495019+08:00","62240","True","24.75","2107.7","False"
"2026-08-05T10:46:14.7620889+08:00","62240","True","24.766","2107.7","False"
"2026-08-05T10:46:14.7758601+08:00","62240","True","24.797","2107.7","False"
"2026-08-05T10:46:14.7893894+08:00","62240","True","24.812","2107.7","False"
"2026-08-05T10:46:14.8055724+08:00","62240","True","24.891","2107.8","False"
"2026-08-05T10:46:14.8393738+08:00","62240","True","24.922","2107.8","False"
"2026-08-05T10:46:14.8526108+08:00","62240","True","24.938","2107.8","False"
"2026-08-05T10:46:14.8639455+08:00","62240","True","24.953","2107.8","False"
"2026-08-05T10:46:14.8797638+08:00","62240","True","24.969","2107.8","False"
"2026-08-05T10:46:14.8944015+08:00","62240","True","24.984","2107.8","False"
"2026-08-05T10:46:14.9092305+08:00","62240","True","25","2107.8","False"
"2026-08-05T10:46:14.9270251+08:00","62240","True","25.016","2107.8","False"
"2026-08-05T10:46:14.9420542+08:00","62240","True","25.031","2107.8","False"
"2026-08-05T10:46:14.9552704+08:00","62240","True","25.047","2107.8","False"
"2026-08-05T10:46:14.9688702+08:00","62240","True","25.047","2107.8","False"
"2026-08-05T10:46:14.9835001+08:00","62240","True","25.062","2107.8","False"
"2026-08-05T10:46:14.9986862+08:00","62240","True","25.078","2107.8","False"
"2026-08-05T10:46:15.0126777+08:00","62240","True","25.094","2107.8","False"
"2026-08-05T10:46:15.0253836+08:00","62240","True","25.109","2107.8","False"
"2026-08-05T10:46:15.0381340+08:00","62240","True","25.125","2107.8","False"
"2026-08-05T10:46:15.0503439+08:00","62240","True","25.125","2107.8","False"
"2026-08-05T10:46:15.0629463+08:00","62240","True","25.125","2107.8","False"
"2026-08-05T10:46:15.0764071+08:00","62240","True","25.141","2108","False"
"2026-08-05T10:46:15.0912439+08:00","62240","True","26.141","2065.7","False"
"2026-08-05T10:46:15.7169447+08:00","62240","True","26.469","2068.3","False"
"2026-08-05T10:46:15.8986511+08:00","62240","True","26.484","2068.3","False"
"2026-08-05T10:46:15.9113893+08:00","62240","True","26.5","2068.3","False"
"2026-08-05T10:46:15.9263178+08:00","62240","True","26.516","2068.3","False"
"2026-08-05T10:46:15.9413503+08:00","62240","True","26.531","2068.3","False"
"2026-08-05T10:46:15.9625306+08:00","62240","True","26.547","2068.3","False"
"2026-08-05T10:46:15.9760906+08:00","62240","True","26.562","2068.3","False"
"2026-08-05T10:46:15.9888022+08:00","62240","True","26.578","2068.3","False"
"2026-08-05T10:46:16.0012601+08:00","62240","True","26.578","2068.3","False"
"2026-08-05T10:46:16.0134537+08:00","62240","True","26.594","2068.3","False"
"2026-08-05T10:46:16.0255511+08:00","62240","True","26.609","2068.3","False"
"2026-08-05T10:46:16.0385866+08:00","62240","True","26.625","2068.3","False"
"2026-08-05T10:46:16.0512083+08:00","62240","True","26.641","2068.3","False"
"2026-08-05T10:46:16.0647892+08:00","62240","True","26.656","2068.3","False"
"2026-08-05T10:46:16.0791496+08:00","62240","True","26.656","2068.3","False"
"2026-08-05T10:46:16.0926273+08:00","62240","True","26.672","2068.3","False"
"2026-08-05T10:46:16.1052967+08:00","62240","True","26.688","2068.3","False"
"2026-08-05T10:46:16.1203601+08:00","62240","True","26.719","2068.3","False"
"2026-08-05T10:46:16.1333350+08:00","62240","True","26.734","2068.3","False"
"2026-08-05T10:46:16.1466981+08:00","62240","True","26.766","2068.3","False"
"2026-08-05T10:46:16.1597442+08:00","62240","True","26.781","2068.3","False"
"2026-08-05T10:46:16.1726694+08:00","62240","True","26.781","2068.3","False"
"2026-08-05T10:46:16.1858241+08:00","62240","True","26.797","2068.3","False"
"2026-08-05T10:46:16.1992735+08:00","62240","True","26.812","2068.3","False"
"2026-08-05T10:46:16.2122166+08:00","62240","True","26.828","2068.3","False"
"2026-08-05T10:46:16.2241634+08:00","62240","True","26.844","2068.3","False"
"2026-08-05T10:46:16.2366075+08:00","62240","True","26.875","2068.3","False"
"2026-08-05T10:46:16.2484075+08:00","62240","True","26.875","2068.3","False"
"2026-08-05T10:46:16.2601387+08:00","62240","True","26.891","2068.3","False"
"2026-08-05T10:46:16.2722422+08:00","62240","True","26.906","2068.3","False"
"2026-08-05T10:46:16.2836957+08:00","62240","True","26.922","2068.3","False"
"2026-08-05T10:46:16.2955920+08:00","62240","True","26.922","2068.3","False"
"2026-08-05T10:46:16.3085382+08:00","62240","True","26.938","2068.3","False"
"2026-08-05T10:46:16.3261468+08:00","62240","True","26.984","2068.3","False"
"2026-08-05T10:46:16.3414746+08:00","62240","True","27","2068.3","False"
"2026-08-05T10:46:16.3584276+08:00","62240","True","27.016","2068.3","False"
"2026-08-05T10:46:16.3734199+08:00","62240","True","27.031","2068.3","False"
"2026-08-05T10:46:16.3841051+08:00","62240","True","27.047","2068.3","False"
"2026-08-05T10:46:16.3964225+08:00","62240","True","27.062","2068.6","False"
"2026-08-05T10:46:16.4070624+08:00","62240","True","27.188","2071.2","False"
"2026-08-05T10:46:16.4939132+08:00","62240","True","27.328","2075","False"
"2026-08-05T10:46:16.5970839+08:00","62240","True","27.359","2079.4","False"
"2026-08-05T10:46:16.6520566+08:00","62240","True","30.328","2385.5","False"
"2026-08-05T10:46:17.6660091+08:00","62240","True","30.359","2385.4","False"
"2026-08-05T10:46:17.6800174+08:00","62240","True","32.703","2433.6","False"
"2026-08-05T10:46:19.3856779+08:00","62240","True","32.844","2484.3","False"
"2026-08-05T10:46:19.4435356+08:00","62240","True","33.422","2496.2","False"
"2026-08-05T10:46:19.7440074+08:00","62240","True","33.531","2503.2","False"
"2026-08-05T10:46:19.7861954+08:00","62240","True","33.547","2503.2","False"
"2026-08-05T10:46:19.7987908+08:00","62240","True","33.609","2503.4","False"
"2026-08-05T10:46:19.8137403+08:00","62240","True","33.625","2503.4","False"
"2026-08-05T10:46:19.8305141+08:00","62240","True","33.828","2503.4","False"
"2026-08-05T10:46:19.8505587+08:00","62240","True","33.953","2503.4","False"
"2026-08-05T10:46:19.8694979+08:00","62240","True","34.062","2503.4","False"
"2026-08-05T10:46:19.8885739+08:00","62240","True","34.172","2503.4","False"
"2026-08-05T10:46:19.9081252+08:00","62240","True","34.391","2503.4","False"
"2026-08-05T10:46:19.9228287+08:00","62240","True","34.438","2503.4","False"
"2026-08-05T10:46:19.9416220+08:00","62240","True","34.609","2503.8","False"
"2026-08-05T10:46:19.9614674+08:00","62240","True","34.734","2504.2","False"
"2026-08-05T10:46:19.9822557+08:00","62240","True","34.844","2504.2","False"
"2026-08-05T10:46:20.0001044+08:00","62240","True","34.953","2504.2","False"
"2026-08-05T10:46:20.0151718+08:00","62240","True","35.047","2504.2","False"
"2026-08-05T10:46:20.0317395+08:00","62240","True","35.156","2504.2","False"
"2026-08-05T10:46:20.0500561+08:00","62240","True","35.375","2504.2","False"
"2026-08-05T10:46:20.0626619+08:00","62240","True","35.375","2504.2","False"
"2026-08-05T10:46:20.0744983+08:00","62240","True","35.391","2504.2","False"
"2026-08-05T10:46:20.0873303+08:00","62240","True","35.406","2504.2","False"
"2026-08-05T10:46:20.1004584+08:00","62240","True","35.422","2504.2","False"
"2026-08-05T10:46:20.1195922+08:00","62240","True","35.422","2504.2","False"
"2026-08-05T10:46:20.1371460+08:00","62240","True","35.422","2504.2","False"
"2026-08-05T10:46:20.1496698+08:00","62240","True","35.422","2504.2","False"
"2026-08-05T10:46:20.1622608+08:00","62240","True","35.422","2504.2","False"
"2026-08-05T10:46:20.1749389+08:00","62240","True","35.422","2504.2","False"
"2026-08-05T10:46:20.1877217+08:00","62240","True","35.422","2504.2","False"
"2026-08-05T10:46:20.2006425+08:00","62240","True","35.422","2504.2","False"
"2026-08-05T10:46:20.2144622+08:00","62240","True","35.422","2504.2","False"
"2026-08-05T10:46:20.2270020+08:00","62240","True","35.422","2504.2","False"
"2026-08-05T10:46:20.2398069+08:00","62240","True","35.422","2504.2","False"
"2026-08-05T10:46:20.2524277+08:00","62240","True","35.422","2504.2","False"
"2026-08-05T10:46:20.2650231+08:00","62240","True","35.422","2504.2","False"
"2026-08-05T10:46:20.2774280+08:00","62240","True","35.438","2504.2","False"
"2026-08-05T10:46:20.2894785+08:00","62240","True","35.438","2504.2","False"
"2026-08-05T10:46:20.3017519+08:00","62240","True","35.438","2504.2","False"
"2026-08-05T10:46:20.3127324+08:00","62240","True","35.438","2504.2","False"
"2026-08-05T10:46:20.3250346+08:00","62240","True","35.438","2504.2","False"
"2026-08-05T10:46:20.3375375+08:00","62240","True","35.438","2504.2","False"
"2026-08-05T10:46:20.3488858+08:00","62240","True","35.438","2504.2","False"
"2026-08-05T10:46:20.3607820+08:00","62240","True","35.438","2504.2","False"
"2026-08-05T10:46:20.3730471+08:00","62240","True","35.438","2504.2","False"
"2026-08-05T10:46:20.3843910+08:00","62240","True","35.438","2504.2","False"
"2026-08-05T10:46:20.3966948+08:00","62240","True","35.453","2504.2","False"
"2026-08-05T10:46:20.4084413+08:00","62240","True","35.453","2504.2","False"
"2026-08-05T10:46:20.4204223+08:00","62240","True","35.453","2504.2","False"
"2026-08-05T10:46:20.4327806+08:00","62240","True","35.453","2504.2","False"
"2026-08-05T10:46:20.4453537+08:00","62240","True","35.469","2504.2","False"
"2026-08-05T10:46:20.4578520+08:00","62240","True","35.469","2504.2","False"
"2026-08-05T10:46:20.4709141+08:00","62240","True","35.484","2504.2","False"
"2026-08-05T10:46:20.4839911+08:00","62240","True","35.484","2504.3","False"
"2026-08-05T10:46:20.4970723+08:00","62240","True","35.484","2504.3","False"
"2026-08-05T10:46:20.5114307+08:00","62240","True","35.484","2504.3","False"
"2026-08-05T10:46:20.5247560+08:00","62240","True","35.5","2504.3","False"
"2026-08-05T10:46:20.5377540+08:00","62240","True","35.5","2504.3","False"
"2026-08-05T10:46:20.5505804+08:00","62240","True","35.5","2504.8","False"
"2026-08-05T10:46:20.5631673+08:00","62240","True","35.5","2504.8","False"
"2026-08-05T10:46:20.5750442+08:00","62240","True","35.5","2504.8","False"
"2026-08-05T10:46:20.6087073+08:00","62240","True","35.5","2504.8","False"
"2026-08-05T10:46:20.7173612+08:00","62240","True","35.516","2504.8","False"
"2026-08-05T10:46:20.8108178+08:00","62240","True","35.531","2504.8","False"
"2026-08-05T10:46:20.9056171+08:00","62240","True","35.531","2503.2","False"
"2026-08-05T10:46:21.0162314+08:00","62240","True","35.547","2503.2","False"
"2026-08-05T10:46:21.1112349+08:00","62240","True","35.562","2503.2","False"
"2026-08-05T10:46:21.2051834+08:00","62240","True","35.562","2503.2","False"
"2026-08-05T10:46:21.3132920+08:00","62240","True","35.578","2503.2","False"
"2026-08-05T10:46:21.4061379+08:00","62240","True","35.578","2503.2","False"
"2026-08-05T10:46:21.5136081+08:00","62240","True","35.656","2503.2","False"
"2026-08-05T10:46:21.6070700+08:00","62240","True","35.656","2503.2","False"
"2026-08-05T10:46:21.7146773+08:00","62240","True","36.203","2522","False"
"2026-08-05T10:46:22.1183595+08:00","62240","True","36.438","2603.8","False"
"2026-08-05T10:46:22.3480803+08:00","62240","True","36.453","2603.8","False"
"2026-08-05T10:46:22.3708099+08:00","62240","True","36.484","2603.8","False"
"2026-08-05T10:46:22.3830732+08:00","62240","True","36.5","2603.8","False"
"2026-08-05T10:46:22.3979605+08:00","62240","True","36.516","2603.8","False"
"2026-08-05T10:46:22.4136648+08:00","62240","True","36.516","2603.8","False"
"2026-08-05T10:46:22.4245774+08:00","62240","True","36.516","2603.8","False"
"2026-08-05T10:46:22.5130596+08:00","62240","True","36.516","2603.8","False"
"2026-08-05T10:46:22.6070372+08:00","62240","True","36.547","2603.8","False"
"2026-08-05T10:46:22.7168781+08:00","62240","True","36.547","2603.8","False"
"2026-08-05T10:46:22.8112741+08:00","62240","True","36.562","2603.8","False"
"2026-08-05T10:46:22.9059715+08:00","62240","True","36.562","2603.8","False"
"2026-08-05T10:46:23.0161087+08:00","62240","True","36.578","2603.8","False"
"2026-08-05T10:46:23.1095366+08:00","62240","True","36.578","2603.8","False"
"2026-08-05T10:46:23.2034328+08:00","62240","True","36.578","2603.8","False"
"2026-08-05T10:46:23.3121945+08:00","62240","True","36.578","2603.8","False"
"2026-08-05T10:46:23.4056604+08:00","62240","True","36.578","2603.9","False"
"2026-08-05T10:46:23.5145820+08:00","62240","True","36.594","2603.9","False"
"2026-08-05T10:46:23.6079581+08:00","62240","True","36.594","2603.9","False"
"2026-08-05T10:46:23.7190363+08:00","62240","True","36.594","2603.9","False"
"2026-08-05T10:46:23.8121690+08:00","62240","True","36.594","2603.9","False"
"2026-08-05T10:46:23.9070432+08:00","62240","True","36.594","2603.9","False"
"2026-08-05T10:46:24.0172651+08:00","62240","True","36.594","2603.9","False"
"2026-08-05T10:46:24.1126489+08:00","62240","True","36.594","2603.9","False"
"2026-08-05T10:46:24.2069930+08:00","62240","True","36.594","2603.9","False"
"2026-08-05T10:46:24.3149411+08:00","62240","True","36.594","2603.9","False"
"2026-08-05T10:46:24.4091425+08:00","62240","True","36.594","2603.9","False"
"2026-08-05T10:46:24.5200652+08:00","62240","True","36.656","2603.9","False"
"2026-08-05T10:46:24.6164460+08:00","62240","True","36.688","2587.2","False"
"2026-08-05T10:46:24.7081848+08:00","62240","True","36.688","2587.2","False"
"2026-08-05T10:46:24.8035497+08:00","62240","True","36.688","2587.2","False"
"2026-08-05T10:46:24.9137516+08:00","62240","True","36.703","2587.2","False"
"2026-08-05T10:46:25.0074090+08:00","62240","True","36.703","2587.2","False"
"2026-08-05T10:46:25.1167812+08:00","62240","True","36.734","2586.9","False"
"2026-08-05T10:46:25.2102742+08:00","62240","True","36.734","2570.4","False"
"2026-08-05T10:46:25.3049546+08:00","62240","True","36.75","2570.4","False"
"2026-08-05T10:46:25.4138380+08:00","62240","True","36.75","2570.4","False"
"2026-08-05T10:46:25.5080650+08:00","62240","True","36.766","2570.4","False"
"2026-08-05T10:46:25.6161656+08:00","62240","True","37.047","2572.2","False"
"2026-08-05T10:46:25.7103868+08:00","62240","True","37.125","2572.2","False"
"2026-08-05T10:46:25.8190772+08:00","62240","True","37.219","2572.3","False"
"2026-08-05T10:46:25.9131695+08:00","62240","True","37.328","2573","False"
"2026-08-05T10:46:26.0069559+08:00","62240","True","37.625","2575.4","False"
"2026-08-05T10:46:26.1150794+08:00","62240","True","37.953","2576.7","False"
"2026-08-05T10:46:26.2245178+08:00","62240","True","38.219","2579.9","False"
"2026-08-05T10:46:26.3177962+08:00","62240","True","38.359","2584.6","False"
"2026-08-05T10:46:26.4126905+08:00","62240","True","38.375","2585.4","False"
"2026-08-05T10:46:26.5065588+08:00","62240","True","38.531","2586.6","False"
"2026-08-05T10:46:26.6305810+08:00","62240","True","38.531","2586.6","False"
"2026-08-05T10:46:26.7104232+08:00","62240","True","38.531","2586.6","False"
"2026-08-05T10:46:26.8050869+08:00","62240","True","38.531","2586.6","False"
"2026-08-05T10:46:26.9141466+08:00","62240","True","38.531","2586.6","False"
"2026-08-05T10:46:27.0069691+08:00","62240","True","38.547","2586.7","False"
"2026-08-05T10:46:27.1175857+08:00","62240","True","38.578","2586.7","False"
"2026-08-05T10:46:27.2104074+08:00","62240","True","38.578","2586.7","False"
"2026-08-05T10:46:27.3038637+08:00","62240","True","38.609","2586.7","False"
"2026-08-05T10:46:27.4127504+08:00","62240","True","38.625","2586.7","False"
"2026-08-05T10:46:27.5073707+08:00","62240","True","38.672","2588.2","False"
"2026-08-05T10:46:27.6152002+08:00","62240","True","38.672","2588.2","False"
"2026-08-05T10:46:27.7116446+08:00","62240","True","38.703","2588.1","False"
"2026-08-05T10:46:27.8042056+08:00","62240","True","38.734","2588.1","False"
"2026-08-05T10:46:27.9119113+08:00","62240","True","38.734","2588.1","False"
"2026-08-05T10:46:28.0057405+08:00","62240","True","38.734","2588.1","False"
"2026-08-05T10:46:28.1156775+08:00","62240","True","38.797","2591.6","False"
"2026-08-05T10:46:28.2252588+08:00","62240","True","38.812","2591.6","False"
"2026-08-05T10:46:28.3037804+08:00","62240","True","38.844","2592.1","False"
"2026-08-05T10:46:28.4125674+08:00","62240","True","38.859","2593.3","False"
"2026-08-05T10:46:28.5081466+08:00","62240","True","38.859","2593.3","False"
"2026-08-05T10:46:28.6164876+08:00","62240","True","38.875","2593.6","False"
"2026-08-05T10:46:28.7243291+08:00","62240","True","38.922","2593.9","False"
"2026-08-05T10:46:28.8173288+08:00","62240","True","38.922","2593.9","False"
"2026-08-05T10:46:28.9118598+08:00","62240","True","38.938","2589.2","False"
"2026-08-05T10:46:29.0048083+08:00","62240","True","38.953","2589.6","False"
"2026-08-05T10:46:29.1144444+08:00","62240","True","38.984","2589.6","False"
"2026-08-05T10:46:29.2090643+08:00","62240","True","38.984","2589.6","False"
"2026-08-05T10:46:29.3019228+08:00","62240","True","38.984","2589.6","False"
"2026-08-05T10:46:29.4091738+08:00","62240","True","39.094","2589.6","False"
"2026-08-05T10:46:29.5187647+08:00","62240","True","39.109","2589.6","False"
"2026-08-05T10:46:29.6111153+08:00","62240","True","39.109","2588","False"
"2026-08-05T10:46:29.7065024+08:00","62240","True","39.109","2588","False"
"2026-08-05T10:46:29.8164492+08:00","62240","True","39.109","2588","False"
"2026-08-05T10:46:29.9105513+08:00","62240","True","39.109","2588","False"
"2026-08-05T10:46:30.0045570+08:00","62240","True","39.109","2587.8","False"
"2026-08-05T10:46:30.1131139+08:00","62240","True","39.422","2587.5","False"
"2026-08-05T10:46:30.2060449+08:00","62240","False","66.703","2523.7","False"
"2026-08-05T10:46:35.2276281+08:00","62240","False","66.719","2523.7","False"
"2026-08-05T10:46:35.2418337+08:00","62240","False","66.734","2523.7","False"
"2026-08-05T10:46:35.2554394+08:00","62240","False","66.75","2523.7","False"
"2026-08-05T10:46:35.2684027+08:00","62240","False","66.766","2523.7","False"
"2026-08-05T10:46:35.2820970+08:00","62240","False","66.828","2523.7","False"
"2026-08-05T10:46:35.2969575+08:00","62240","False","66.828","2523.7","False"
"2026-08-05T10:46:35.3124781+08:00","62240","False","66.844","2523.7","False"
"2026-08-05T10:46:35.3273953+08:00","62240","False","66.859","2523.7","False"
"2026-08-05T10:46:35.3417185+08:00","62240","False","66.875","2523.7","False"
"2026-08-05T10:46:35.3548368+08:00","62240","False","66.891","2523.7","False"
"2026-08-05T10:46:35.3673526+08:00","62240","False","66.906","2523.7","False"
"2026-08-05T10:46:35.3805077+08:00","62240","False","66.922","2523.7","False"
"2026-08-05T10:46:35.3932522+08:00","62240","False","66.938","2523.7","False"
"2026-08-05T10:46:35.4058931+08:00","62240","False","66.938","2523.7","False"
"2026-08-05T10:46:35.4187495+08:00","62240","False","66.953","2523.7","False"
"2026-08-05T10:46:35.4315743+08:00","62240","False","66.969","2523.7","False"
"2026-08-05T10:46:35.4442017+08:00","62240","False","66.984","2523.7","False"
"2026-08-05T10:46:35.4575536+08:00","62240","False","67","2523.7","False"
"2026-08-05T10:46:35.4701465+08:00","62240","False","67","2523.7","False"
"2026-08-05T10:46:35.4825574+08:00","62240","False","67.016","2523.7","False"
"2026-08-05T10:46:35.4948647+08:00","62240","False","67.031","2523.7","False"
"2026-08-05T10:46:35.5090455+08:00","62240","False","67.047","2523.7","False"
"2026-08-05T10:46:35.5214835+08:00","62240","False","67.062","2523.7","False"
"2026-08-05T10:46:35.5339447+08:00","62240","False","67.062","2523.7","False"
"2026-08-05T10:46:35.5464865+08:00","62240","False","67.078","2523.6","False"
"2026-08-05T10:46:35.5589701+08:00","62240","False","67.094","2523.6","False"
"2026-08-05T10:46:35.5716757+08:00","62240","False","67.109","2523.6","False"
"2026-08-05T10:46:35.5842638+08:00","62240","False","67.125","2523.6","False"
"2026-08-05T10:46:35.5971641+08:00","62240","False","67.141","2523.6","False"
"2026-08-05T10:46:35.6096436+08:00","62240","False","67.141","2523.6","False"
"2026-08-05T10:46:35.6223061+08:00","62240","False","67.156","2523.6","False"
"2026-08-05T10:46:35.6347031+08:00","62240","False","67.172","2523.6","False"
"2026-08-05T10:46:35.6477007+08:00","62240","False","67.188","2523.6","False"
"2026-08-05T10:46:35.6607211+08:00","62240","False","67.203","2523.6","False"
"2026-08-05T10:46:35.6731615+08:00","62240","False","67.203","2523.6","False"
"2026-08-05T10:46:35.6856472+08:00","62240","False","67.219","2523.6","False"
"2026-08-05T10:46:35.6984408+08:00","62240","False","67.234","2523.6","False"
"2026-08-05T10:46:35.7108759+08:00","62240","False","67.25","2523.6","False"
"2026-08-05T10:46:35.7240903+08:00","62240","False","67.266","2523.6","False"
"2026-08-05T10:46:35.7368867+08:00","62240","False","67.281","2523.6","False"
"2026-08-05T10:46:35.7500692+08:00","62240","False","67.281","2523.6","False"
"2026-08-05T10:46:35.7631806+08:00","62240","False","67.297","2523.6","False"
"2026-08-05T10:46:35.7761220+08:00","62240","False","67.312","2523.6","False"
"2026-08-05T10:46:35.7904087+08:00","62240","False","67.328","2523.6","False"
"2026-08-05T10:46:35.8042364+08:00","62240","False","67.344","2523.6","False"
"2026-08-05T10:46:35.8184095+08:00","62240","False","67.359","2523.6","False"
"2026-08-05T10:46:35.8318717+08:00","62240","False","67.375","2523.6","False"
"2026-08-05T10:46:35.8449106+08:00","62240","False","67.375","2523.6","False"
"2026-08-05T10:46:35.8581540+08:00","62240","False","67.391","2523.6","False"
"2026-08-05T10:46:35.8706915+08:00","62240","False","67.406","2523.6","False"
"2026-08-05T10:46:35.8830560+08:00","62240","False","67.422","2523.6","False"
"2026-08-05T10:46:35.8965328+08:00","62240","False","67.438","2523.6","False"
"2026-08-05T10:46:35.9103301+08:00","62240","False","67.453","2523.6","False"
"2026-08-05T10:46:35.9232269+08:00","62240","False","67.453","2523.6","False"
"2026-08-05T10:46:35.9354897+08:00","62240","False","67.469","2523.6","False"
"2026-08-05T10:46:35.9481392+08:00","62240","False","67.484","2523.6","False"
"2026-08-05T10:46:35.9606196+08:00","62240","False","67.5","2523.6","False"
"2026-08-05T10:46:36.0091532+08:00","62240","False","67.547","2523.6","False"
"2026-08-05T10:46:36.1195005+08:00","62240","False","67.656","2523.6","False"
"2026-08-05T10:46:36.2130241+08:00","62240","False","67.75","2523.6","False"
"2026-08-05T10:46:36.3061509+08:00","62240","False","67.844","2523.6","False"
"2026-08-05T10:46:36.4133387+08:00","62240","False","67.969","2523.6","False"
"2026-08-05T10:46:36.5082048+08:00","62240","False","68.078","2523.6","False"
"2026-08-05T10:46:36.6177945+08:00","62240","False","68.188","2523.6","False"
"2026-08-05T10:46:36.7113669+08:00","62240","False","68.281","2523.6","False"
"2026-08-05T10:46:36.8059168+08:00","62240","False","68.375","2523.6","False"
"2026-08-05T10:46:36.9160374+08:00","62240","False","68.5","2523.6","False"
"2026-08-05T10:46:37.0102754+08:00","62240","False","68.609","2523.6","False"
"2026-08-05T10:46:37.1047208+08:00","62240","False","73.938","2524","False"
"2026-08-05T10:46:42.1412032+08:00","62240","False","73.953","2524","False"
"2026-08-05T10:46:42.1547198+08:00","62240","False","73.969","2524","False"
"2026-08-05T10:46:42.1676747+08:00","62240","False","73.984","2524","False"
"2026-08-05T10:46:42.1805075+08:00","62240","False","74","2524","False"
"2026-08-05T10:46:42.1942336+08:00","62240","False","74.016","2524","False"
"2026-08-05T10:46:42.2081001+08:00","62240","False","74.031","2524","False"
"2026-08-05T10:46:42.2213006+08:00","62240","False","74.047","2524","False"
"2026-08-05T10:46:42.2346786+08:00","62240","False","74.047","2524","False"
"2026-08-05T10:46:42.2483195+08:00","62240","False","74.062","2524","False"
"2026-08-05T10:46:42.2618150+08:00","62240","False","74.078","2524","False"
"2026-08-05T10:46:42.2751431+08:00","62240","False","74.094","2524","False"
"2026-08-05T10:46:42.2883398+08:00","62240","False","74.109","2524","False"
"2026-08-05T10:46:42.3034488+08:00","62240","False","74.125","2524","False"
"2026-08-05T10:46:42.3175372+08:00","62240","False","74.141","2524","False"
"2026-08-05T10:46:42.3313961+08:00","62240","False","74.156","2524","False"
"2026-08-05T10:46:42.3444456+08:00","62240","False","74.156","2524","False"
"2026-08-05T10:46:42.3582674+08:00","62240","False","74.172","2524","False"
"2026-08-05T10:46:42.3702621+08:00","62240","False","74.188","2524","False"
"2026-08-05T10:46:42.3831939+08:00","62240","False","74.203","2524","False"
"2026-08-05T10:46:42.3953516+08:00","62240","False","74.219","2523.8","False"
"2026-08-05T10:46:42.4079290+08:00","62240","False","74.219","2523.7","False"
"2026-08-05T10:46:42.4195022+08:00","62240","False","74.234","2523.7","False"
"2026-08-05T10:46:42.4311671+08:00","62240","False","74.25","2523.7","False"
"2026-08-05T10:46:42.4428884+08:00","62240","False","74.266","2523.6","False"
"2026-08-05T10:46:42.4557789+08:00","62240","False","74.281","2523.6","False"
"2026-08-05T10:46:42.4684762+08:00","62240","False","74.281","2523.6","False"
"2026-08-05T10:46:42.4818598+08:00","62240","False","74.312","2523.5","False"
"2026-08-05T10:46:42.4956006+08:00","62240","False","74.359","2523.5","False"
"2026-08-05T10:46:42.5109103+08:00","62240","False","74.391","2523.5","False"
"2026-08-05T10:46:42.5236125+08:00","62240","False","74.422","2523.5","False"
"2026-08-05T10:46:42.5355092+08:00","62240","False","74.453","2523.5","False"
"2026-08-05T10:46:42.5482266+08:00","62240","False","74.453","2523.5","False"
"2026-08-05T10:46:42.5609431+08:00","62240","False","74.484","2523.5","False"
"2026-08-05T10:46:42.5760474+08:00","62240","False","74.516","2523.4","False"
"2026-08-05T10:46:42.5906172+08:00","62240","False","74.547","2523.4","False"
"2026-08-05T10:46:42.6031590+08:00","62240","False","74.578","2523.3","False"
"2026-08-05T10:46:42.6167913+08:00","62240","False","74.609","2523.3","False"
"2026-08-05T10:46:42.6306677+08:00","62240","False","74.641","2523.3","False"
"2026-08-05T10:46:42.6442960+08:00","62240","False","74.672","2523.2","False"
"2026-08-05T10:46:42.6582695+08:00","62240","False","74.688","2523.2","False"
"2026-08-05T10:46:42.6720439+08:00","62240","False","74.703","2523.2","False"
"2026-08-05T10:46:42.6854867+08:00","62240","False","74.734","2523.1","False"
"2026-08-05T10:46:42.6978118+08:00","62240","False","74.766","2523.1","False"
"2026-08-05T10:46:42.7113034+08:00","62240","False","74.797","2523.1","False"
"2026-08-05T10:46:42.7257531+08:00","62240","False","74.812","2523.1","False"
"2026-08-05T10:46:42.7393537+08:00","62240","False","74.844","2523.1","False"
"2026-08-05T10:46:42.7514777+08:00","62240","False","74.844","2523.1","False"
"2026-08-05T10:46:42.7647471+08:00","62240","False","74.875","2523.1","False"
"2026-08-05T10:46:42.7786991+08:00","62240","False","74.906","2523.1","False"
"2026-08-05T10:46:42.7936918+08:00","62240","False","74.938","2523.1","False"
"2026-08-05T10:46:42.8048216+08:00","62240","False","74.969","2523.1","False"
"2026-08-05T10:46:42.8191130+08:00","62240","False","75","2523.1","False"
"2026-08-05T10:46:42.8340759+08:00","62240","False","75.031","2523.1","False"
"2026-08-05T10:46:42.8499298+08:00","62240","False","75.062","2523.1","False"
"2026-08-05T10:46:42.8642974+08:00","62240","False","75.094","2523.1","False"
"2026-08-05T10:46:42.8772992+08:00","62240","False","75.125","2523.1","False"
"2026-08-05T10:46:42.8913572+08:00","62240","False","75.125","2523.1","False"
"2026-08-05T10:46:42.9043253+08:00","62240","False","75.156","2523.1","False"
"2026-08-05T10:46:43.0204926+08:00","62240","False","75.406","2523.1","False"
"2026-08-05T10:46:43.1149428+08:00","62240","False","75.484","2523.1","False"
"2026-08-05T10:46:43.2101142+08:00","62240","False","75.578","2523.1","False"
"2026-08-05T10:46:43.3041649+08:00","62240","False","75.672","2523.1","False"
"2026-08-05T10:46:43.4124695+08:00","62240","False","75.781","2523.1","False"
"2026-08-05T10:46:43.5053164+08:00","62240","False","75.875","2523.1","False"
"2026-08-05T10:46:43.6127302+08:00","62240","False","75.984","2523.1","False"
"2026-08-05T10:46:43.7064707+08:00","62240","False","76.078","2523.1","False"
"2026-08-05T10:46:43.8171225+08:00","62240","False","76.203","2523.1","False"
"2026-08-05T10:46:43.9109440+08:00","62240","False","76.297","2523.1","False"
"2026-08-05T10:46:44.0048177+08:00","62240","False","76.391","2523.1","False"
"2026-08-05T10:46:44.1149390+08:00","62240","False","76.484","2523.1","False"
"2026-08-05T10:46:44.2082412+08:00","62240","False","76.578","2523.1","False"
"2026-08-05T10:46:44.3176961+08:00","62240","False","76.703","2523.1","False"
"2026-08-05T10:46:44.4097789+08:00","62240","False","76.797","2523.1","False"
"2026-08-05T10:46:44.5200349+08:00","62240","False","76.906","2523.1","False"
"2026-08-05T10:46:44.6130646+08:00","62240","False","77","2523.1","False"
"2026-08-05T10:46:44.7071405+08:00","62240","False","77.094","2523.1","False"
"2026-08-05T10:46:44.8146754+08:00","62240","False","77.234","2523.1","False"
"2026-08-05T10:46:44.9079625+08:00","62240","False","77.328","2523.1","False"
"2026-08-05T10:46:45.0175394+08:00","62240","False","77.438","2523.1","False"
"2026-08-05T10:46:45.1121346+08:00","62240","False","77.531","2523.1","False"
"2026-08-05T10:46:45.2073393+08:00","62240","False","77.625","2522.7","False"
"2026-08-05T10:46:45.3187185+08:00","62240","False","77.734","2522.7","False"
"2026-08-05T10:46:45.4120843+08:00","62240","False","77.828","2522.7","False"
"2026-08-05T10:46:45.5048573+08:00","62240","False","77.922","2522.7","False"
"2026-08-05T10:46:45.6172939+08:00","62240","False","78.031","2522.7","False"
"2026-08-05T10:46:45.7112407+08:00","62240","False","78.125","2522.7","False"
"2026-08-05T10:46:45.8044670+08:00","62240","False","78.219","2522.7","False"
"2026-08-05T10:46:45.9138831+08:00","62240","False","78.328","2522.7","False"
"2026-08-05T10:46:46.0059721+08:00","62240","False","78.422","2522.7","False"
"2026-08-05T10:46:46.1163582+08:00","62240","False","78.531","2522.7","False"
"2026-08-05T10:46:46.2116854+08:00","62240","False","78.625","2522.7","False"
"2026-08-05T10:46:46.3075067+08:00","62240","False","78.719","2522.7","False"
"2026-08-05T10:46:46.4169201+08:00","62240","False","78.828","2522.7","False"
"2026-08-05T10:46:46.5113525+08:00","62240","False","78.922","2522.7","False"
"2026-08-05T10:46:46.6069781+08:00","62240","False","79.016","2522.7","False"
"2026-08-05T10:46:46.7165238+08:00","62240","False","79.125","2522.6","False"
"2026-08-05T10:46:46.8107893+08:00","62240","False","79.219","2522.6","False"
"2026-08-05T10:46:46.9229592+08:00","62240","False","79.344","2522.6","False"
"2026-08-05T10:46:47.0190375+08:00","62240","False","79.453","2522.6","False"
"2026-08-05T10:46:47.1127382+08:00","62240","False","79.547","2522.7","False"
"2026-08-05T10:46:47.2073938+08:00","62240","False","79.641","2522.7","False"
"2026-08-05T10:46:47.3173707+08:00","62240","False","79.75","2522.7","False"
"2026-08-05T10:46:47.4110019+08:00","62240","False","79.844","2522.7","False"
"2026-08-05T10:46:47.5052945+08:00","62240","False","79.938","2522.7","False"
"2026-08-05T10:46:47.6142120+08:00","62240","False","80.109","2522.7","False"
"2026-08-05T10:46:47.7078365+08:00","62240","False","80.203","2522.7","False"
"2026-08-05T10:46:47.8193798+08:00","62240","False","80.328","2522.7","False"
"2026-08-05T10:46:47.9129720+08:00","62240","False","80.422","2522.7","False"
"2026-08-05T10:46:48.0081296+08:00","62240","False","80.516","2522.7","False"
"2026-08-05T10:46:48.1173666+08:00","62240","False","80.688","2522.7","False"
"2026-08-05T10:46:48.2107814+08:00","62240","False","80.781","2522.7","False"
"2026-08-05T10:46:48.3069499+08:00","62240","False","80.875","2522.7","False"
"2026-08-05T10:46:48.4165173+08:00","62240","False","80.984","2522.7","False"
"2026-08-05T10:46:48.5102570+08:00","62240","False","81.094","2522.7","False"
"2026-08-05T10:46:48.6049893+08:00","62240","False","81.188","2522.7","False"
"2026-08-05T10:46:48.7148509+08:00","62240","False","81.297","2522.7","False"
"2026-08-05T10:46:48.8088653+08:00","62240","False","81.375","2522.7","False"
"2026-08-05T10:46:48.9183830+08:00","62240","False","81.484","2522.7","False"
"2026-08-05T10:46:49.0123832+08:00","62240","False","81.578","2522.7","False"
"2026-08-05T10:46:49.1074289+08:00","62240","False","81.672","2522.7","False"
"2026-08-05T10:46:49.2161358+08:00","62240","False","81.781","2522.7","False"
"2026-08-05T10:46:49.3112732+08:00","62240","False","81.875","2522.7","False"
"2026-08-05T10:46:49.4071231+08:00","62240","False","81.969","2522.7","False"
"2026-08-05T10:46:49.5160666+08:00","62240","False","82.078","2522.7","False"
"2026-08-05T10:46:49.6099136+08:00","62240","False","82.188","2522.7","False"
"2026-08-05T10:46:49.7210668+08:00","62240","False","82.344","2522.7","False"
"2026-08-05T10:46:49.8148155+08:00","62240","False","82.516","2522.7","False"
"2026-08-05T10:46:49.9079975+08:00","62240","False","82.688","2522.7","False"
"2026-08-05T10:46:50.0176185+08:00","62240","False","82.906","2522.6","False"
"2026-08-05T10:46:50.1102075+08:00","62240","False","83.047","2522.6","False"
"2026-08-05T10:46:50.2034247+08:00","62240","False","83.234","2522.6","False"
"2026-08-05T10:46:50.3117142+08:00","62240","False","83.406","2522.6","False"
"2026-08-05T10:46:50.4049029+08:00","62240","False","83.5","2522.6","False"
"2026-08-05T10:46:50.5151546+08:00","62240","False","83.625","2522.6","False"
"2026-08-05T10:46:50.6077900+08:00","62240","False","83.75","2522.6","False"
"2026-08-05T10:46:50.7166618+08:00","62240","False","83.859","2522.6","False"
"2026-08-05T10:46:50.8112559+08:00","62240","False","83.953","2522.6","False"
"2026-08-05T10:46:50.9069385+08:00","62240","False","84.047","2522.6","False"
"2026-08-05T10:46:51.0171692+08:00","62240","False","84.188","2522.6","False"
"2026-08-05T10:46:51.1119301+08:00","62240","False","84.281","2522.6","False"
"2026-08-05T10:46:51.2053680+08:00","62240","False","84.375","2522.6","False"
"2026-08-05T10:46:51.3156553+08:00","62240","False","84.484","2522.6","False"
"2026-08-05T10:46:51.4110385+08:00","62240","False","84.562","2522.6","False"
"2026-08-05T10:46:51.5042115+08:00","62240","False","84.656","2522.6","False"
"2026-08-05T10:46:51.6139074+08:00","62240","False","84.766","2522.6","False"
"2026-08-05T10:46:51.7067855+08:00","62240","False","84.859","2522.6","False"
"2026-08-05T10:46:51.8161596+08:00","62240","False","84.984","2522.6","False"
"2026-08-05T10:46:51.9106518+08:00","62240","False","85.062","2522.6","False"
"2026-08-05T10:46:52.0215198+08:00","62240","False","85.172","2522.6","False"
"2026-08-05T10:46:52.1169114+08:00","62240","False","85.266","2522.6","False"
"2026-08-05T10:46:52.2105942+08:00","62240","False","85.359","2522.6","False"
"2026-08-05T10:46:52.3046493+08:00","62240","False","85.453","2522.6","False"
"2026-08-05T10:46:52.4157657+08:00","62240","False","85.562","2522.6","False"
"2026-08-05T10:46:52.5094121+08:00","62240","False","85.656","2522.6","False"
"2026-08-05T10:46:52.6048949+08:00","62240","False","85.75","2522.6","False"
"2026-08-05T10:46:52.7152759+08:00","62240","False","85.859","2522.6","False"
"2026-08-05T10:46:52.8095008+08:00","62240","False","85.969","2522.6","False"
"2026-08-05T10:46:52.9207293+08:00","62240","False","86.078","2522.6","False"
"2026-08-05T10:46:53.0136490+08:00","62240","False","86.172","2522.6","False"
"2026-08-05T10:46:53.1079947+08:00","62240","False","86.281","2522.6","False"
"2026-08-05T10:46:53.2184716+08:00","62240","False","86.375","2522.6","False"
"2026-08-05T10:46:53.3104510+08:00","62240","False","86.469","2522.6","False"
"2026-08-05T10:46:53.4198521+08:00","62240","False","86.578","2522.6","False"
"2026-08-05T10:46:53.5153780+08:00","62240","False","86.672","2522.6","False"
"2026-08-05T10:46:53.6092313+08:00","62240","False","86.766","2522.6","False"
"2026-08-05T10:46:53.7197716+08:00","62240","False","86.875","2522.6","False"
"2026-08-05T10:46:53.8147432+08:00","62240","False","87","2522.6","False"
"2026-08-05T10:46:53.9094794+08:00","62240","False","87.188","2522.6","False"
"2026-08-05T10:46:54.0195448+08:00","62240","False","87.406","2522.6","False"
"2026-08-05T10:46:54.1134236+08:00","62240","False","87.594","2522.6","False"
"2026-08-05T10:46:54.2073937+08:00","62240","False","87.797","2522.6","False"
"2026-08-05T10:46:54.3175225+08:00","62240","False","88.016","2522.6","False"
"2026-08-05T10:46:54.4126319+08:00","62240","False","88.125","2522.6","False"
"2026-08-05T10:46:54.5065623+08:00","62240","False","88.25","2522.6","False"
"2026-08-05T10:46:54.6156627+08:00","62240","False","88.359","2522.6","False"
"2026-08-05T10:46:54.7103185+08:00","62240","False","88.484","2522.6","False"
"2026-08-05T10:46:54.8049299+08:00","62240","False","88.578","2522.6","False"
"2026-08-05T10:46:54.9132421+08:00","62240","False","88.703","2522.6","False"
"2026-08-05T10:46:55.0076150+08:00","62240","False","88.812","2522.6","False"
"2026-08-05T10:46:55.1169159+08:00","62240","False","88.922","2522.6","False"
"2026-08-05T10:46:55.2111115+08:00","62240","False","89.031","2522.6","False"
"2026-08-05T10:46:55.3068354+08:00","62240","False","89.109","2522.6","False"
"2026-08-05T10:46:55.4169347+08:00","62240","False","89.219","2522.6","False"
"2026-08-05T10:46:55.5092352+08:00","62240","False","89.328","2522.6","False"
"2026-08-05T10:46:55.6210182+08:00","62240","False","89.438","2522.6","False"
"2026-08-05T10:46:55.7154242+08:00","62240","False","89.547","2522.6","False"
"2026-08-05T10:46:55.8095791+08:00","62240","False","89.672","2522.6","False"
"2026-08-05T10:46:55.9194119+08:00","62240","False","89.781","2522.6","False"
"2026-08-05T10:46:56.0132448+08:00","62240","False","89.875","2522.6","False"
"2026-08-05T10:46:56.1072128+08:00","62240","False","89.969","2522.5","False"
"2026-08-05T10:46:56.2167394+08:00","62240","False","90.141","2522.5","False"
"2026-08-05T10:46:56.3107653+08:00","62240","False","90.234","2522.5","False"
"2026-08-05T10:46:56.4204939+08:00","62240","False","90.344","2522.5","False"
"2026-08-05T10:46:56.5159286+08:00","62240","False","90.438","2522.5","False"
"2026-08-05T10:46:56.6096326+08:00","62240","False","90.531","2522.5","False"
"2026-08-05T10:46:56.7172646+08:00","62240","False","90.688","2522.5","False"
"2026-08-05T10:46:56.8105207+08:00","62240","False","90.781","2522.5","False"
"2026-08-05T10:46:56.9217454+08:00","62240","False","90.891","2522.5","False"
"2026-08-05T10:46:57.0158664+08:00","62240","False","91","2522.5","False"
"2026-08-05T10:46:57.1109602+08:00","62240","False","91.094","2522.5","False"
"2026-08-05T10:46:57.2049389+08:00","62240","False","91.219","2522.5","False"
"2026-08-05T10:46:57.3145733+08:00","62240","False","91.328","2522.5","False"
"2026-08-05T10:46:57.4094987+08:00","62240","False","91.406","2522.5","False"
"2026-08-05T10:46:57.5200459+08:00","62240","False","91.516","2522.5","False"
"2026-08-05T10:46:57.6140871+08:00","62240","False","91.656","2522.5","False"
"2026-08-05T10:46:57.7083964+08:00","62240","False","91.859","2522.5","False"
"2026-08-05T10:46:57.8178914+08:00","62240","False","92.062","2522.5","False"
"2026-08-05T10:46:57.9120533+08:00","62240","False","92.234","2522.5","False"
"2026-08-05T10:46:58.0062674+08:00","62240","False","92.422","2522.5","False"
"2026-08-05T10:46:58.1167435+08:00","62240","False","92.656","2522.5","False"
"2026-08-05T10:46:58.2113313+08:00","62240","False","92.766","2522.5","False"
"2026-08-05T10:46:58.3076359+08:00","62240","False","92.859","2522.5","False"
"2026-08-05T10:46:58.4159567+08:00","62240","False","92.969","2522.5","False"
"2026-08-05T10:46:58.5095888+08:00","62240","False","93.047","2522.5","False"
"2026-08-05T10:46:58.6034347+08:00","62240","False","93.141","2522.5","False"
"2026-08-05T10:46:58.7122851+08:00","62240","False","93.266","2522.5","False"
"2026-08-05T10:46:58.8043305+08:00","62240","False","93.359","2522.5","False"
"2026-08-05T10:46:58.9141320+08:00","62240","False","93.469","2522.5","False"
"2026-08-05T10:46:59.0083787+08:00","62240","False","93.562","2522.5","False"
"2026-08-05T10:46:59.1186569+08:00","62240","False","93.703","2522.5","False"
"2026-08-05T10:46:59.2124571+08:00","62240","False","93.781","2522.5","False"
"2026-08-05T10:46:59.3053982+08:00","62240","False","93.875","2522.5","False"
"2026-08-05T10:46:59.4174162+08:00","62240","False","93.984","2522.5","False"
"2026-08-05T10:46:59.5111297+08:00","62240","False","94.078","2522.5","False"
"2026-08-05T10:46:59.6044084+08:00","62240","False","94.172","2522.5","False"
"2026-08-05T10:46:59.7153030+08:00","62240","False","94.312","2522.4","False"
"2026-08-05T10:46:59.8096913+08:00","62240","False","94.406","2522.4","False"
"2026-08-05T10:46:59.9197451+08:00","62240","False","94.516","2522.4","False"
"2026-08-05T10:47:00.0153088+08:00","62240","False","94.609","2522.4","False"
"2026-08-05T10:47:00.1084195+08:00","62240","False","94.719","2522.4","False"
"2026-08-05T10:47:00.2178920+08:00","62240","False","94.812","2522.4","False"
"2026-08-05T10:47:00.3131152+08:00","62240","False","94.906","2522.4","False"
"2026-08-05T10:47:00.4083787+08:00","62240","False","95.078","2522.4","False"
"2026-08-05T10:47:00.5174872+08:00","62240","False","95.188","2522.4","False"
"2026-08-05T10:47:00.6117305+08:00","62240","False","95.297","2522.4","False"
"2026-08-05T10:47:00.7070534+08:00","62240","False","95.391","2522.4","False"
"2026-08-05T10:47:00.8172974+08:00","62240","False","95.5","2522.4","False"
"2026-08-05T10:47:00.9119938+08:00","62240","False","95.594","2522.4","False"
"2026-08-05T10:47:01.0040558+08:00","62240","False","95.688","2522.4","False"
"2026-08-05T10:47:01.1155769+08:00","62240","False","95.828","2522.4","False"
"2026-08-05T10:47:01.2098730+08:00","62240","False","95.922","2522.4","False"
"2026-08-05T10:47:01.3194765+08:00","62240","False","96.031","2522.4","False"
"2026-08-05T10:47:01.4136808+08:00","62240","False","96.156","2522.4","False"
"2026-08-05T10:47:01.5064334+08:00","62240","False","96.297","2522.4","False"
"2026-08-05T10:47:01.6179802+08:00","62240","False","96.438","2522.4","False"
"2026-08-05T10:47:01.7112818+08:00","62240","False","96.625","2522.4","False"
"2026-08-05T10:47:01.8185202+08:00","62240","False","96.844","2522.4","False"
"2026-08-05T10:47:01.9133716+08:00","62240","False","97.031","2522.4","False"
"2026-08-05T10:47:02.0063224+08:00","62240","False","97.203","2522.4","False"
"2026-08-05T10:47:02.1163964+08:00","62240","False","97.438","2522.4","False"
"2026-08-05T10:47:02.2086246+08:00","62240","False","97.641","2522.4","False"
"2026-08-05T10:47:02.3168226+08:00","62240","False","97.781","2522.4","False"
"2026-08-05T10:47:02.4124654+08:00","62240","False","97.875","2522.4","False"
"2026-08-05T10:47:02.5049088+08:00","62240","False","97.969","2522.4","False"
"2026-08-05T10:47:02.6149998+08:00","62240","False","98.094","2522.4","False"
"2026-08-05T10:47:02.7083423+08:00","62240","False","98.188","2522.4","False"
"2026-08-05T10:47:02.8158012+08:00","62240","False","98.281","2522.4","False"
"2026-08-05T10:47:02.9096051+08:00","62240","False","98.375","2522.4","False"
"2026-08-05T10:47:03.0207440+08:00","62240","False","98.469","2522.4","False"
"2026-08-05T10:47:03.1151627+08:00","62240","False","98.562","2522.4","False"
"2026-08-05T10:47:03.2076868+08:00","62240","False","98.719","2522.4","False"
"2026-08-05T10:47:03.3164283+08:00","62240","False","98.828","2522.4","False"
"2026-08-05T10:47:03.4117696+08:00","62240","False","98.938","2522.4","False"
"2026-08-05T10:47:03.5053651+08:00","62240","False","99.031","2522.4","False"
"2026-08-05T10:47:03.6148445+08:00","62240","False","99.141","2522.4","False"
"2026-08-05T10:47:03.7096162+08:00","62240","False","99.219","2522.4","False"
"2026-08-05T10:47:03.8180947+08:00","62240","False","99.328","2522.4","False"
"2026-08-05T10:47:03.9128048+08:00","62240","False","99.422","2522.4","False"
"2026-08-05T10:47:04.0079366+08:00","62240","False","99.516","2522.4","False"
"2026-08-05T10:47:04.1160432+08:00","62240","False","99.625","2522.4","False"
"2026-08-05T10:47:04.2099156+08:00","62240","False","99.719","2522.4","False"
"2026-08-05T10:47:04.3194694+08:00","62240","False","99.828","2522.4","False"
"2026-08-05T10:47:04.4116794+08:00","62240","False","99.922","2522.4","False"
"2026-08-05T10:47:04.5051764+08:00","62240","False","100","2522.4","False"
"2026-08-05T10:47:04.6139135+08:00","62240","False","100.109","2522.4","False"
"2026-08-05T10:47:04.7065917+08:00","62240","False","100.203","2522.4","False"
"2026-08-05T10:47:04.8171737+08:00","62240","False","100.312","2522.5","False"
"2026-08-05T10:47:04.9105306+08:00","62240","True","100.344","2522.6","False"
"2026-08-05T10:47:05.0193122+08:00","62240","True","100.344","2522.6","False"
"2026-08-05T10:47:05.1136434+08:00","62240","True","100.344","2522.6","False"
"2026-08-05T10:47:05.2073713+08:00","62240","True","100.344","2522.6","False"
"2026-08-05T10:47:05.3167868+08:00","62240","True","100.344","2522.6","False"
"2026-08-05T10:47:05.4094132+08:00","62240","True","100.344","2522.6","False"
"2026-08-05T10:47:05.5168539+08:00","62240","True","100.344","2522.6","False"
"2026-08-05T10:47:05.6103332+08:00","62240","True","100.344","2522.6","False"
"2026-08-05T10:47:05.7195122+08:00","62240","True","100.344","2522.6","False"
"2026-08-05T10:47:05.8138979+08:00","62240","True","100.344","2522.6","False"
"2026-08-05T10:47:05.9087636+08:00","62240","True","100.453","2522.6","False"
"2026-08-05T10:47:06.0176750+08:00","62240","True","100.547","2522.6","False"
"2026-08-05T10:47:06.1118147+08:00","62240","True","100.594","2522.6","False"
"2026-08-05T10:47:06.2054369+08:00","62240","True","100.594","2522.6","False"
"2026-08-05T10:47:06.3160372+08:00","62240","True","100.625","2522.6","False"
"2026-08-05T10:47:06.4094629+08:00","62240","True","100.625","2522.6","False"
"2026-08-05T10:47:06.5195648+08:00","62240","True","100.625","2522.6","False"
"2026-08-05T10:47:06.6157362+08:00","62240","True","100.625","2522.6","False"
"2026-08-05T10:47:06.7086528+08:00","62240","True","100.625","2522.6","False"
"2026-08-05T10:47:06.8169076+08:00","62240","True","100.625","2522.6","False"
"2026-08-05T10:47:06.9129168+08:00","62240","True","100.625","2522.6","False"
"2026-08-05T10:47:07.0071733+08:00","62240","True","100.625","2522.6","False"
"2026-08-05T10:47:07.1180439+08:00","62240","True","100.641","2522.6","False"
"2026-08-05T10:47:07.2105988+08:00","62240","True","100.641","2522.6","False"
"2026-08-05T10:47:07.3048959+08:00","62240","True","100.641","2522.6","False"
"2026-08-05T10:47:07.4162947+08:00","62240","True","100.641","2522.6","False"
"2026-08-05T10:47:07.5110782+08:00","62240","True","100.641","2522.6","False"
"2026-08-05T10:47:07.6046172+08:00","62240","True","100.641","2522.6","False"
"2026-08-05T10:47:07.7135205+08:00","62240","True","100.641","2522.6","False"
"2026-08-05T10:47:07.8097880+08:00","62240","True","100.641","2522.6","False"
"2026-08-05T10:47:07.9197759+08:00","62240","True","100.641","2522.6","False"
"2026-08-05T10:47:08.0124228+08:00","62240","True","100.641","2522.6","False"
"2026-08-05T10:47:08.1069997+08:00","62240","True","100.641","2522.6","False"
"2026-08-05T10:47:08.2169358+08:00","62240","True","100.641","2522.6","False"
"2026-08-05T10:47:08.3106057+08:00","62240","True","100.641","2522.6","False"
"2026-08-05T10:47:08.4215147+08:00","62240","True","100.641","2522.6","False"
"2026-08-05T10:47:08.5171580+08:00","62240","True","100.656","2522.6","False"
"2026-08-05T10:47:08.6113200+08:00","62240","True","100.656","2522.6","False"
"2026-08-05T10:47:08.7054784+08:00","62240","True","100.656","2522.6","False"
"2026-08-05T10:47:08.8150927+08:00","62240","True","100.656","2522.6","False"
"2026-08-05T10:47:08.9099566+08:00","62240","True","100.688","2522.6","False"
"2026-08-05T10:47:09.0197463+08:00","62240","True","100.688","2522.6","False"
"2026-08-05T10:47:09.1142615+08:00","62240","True","100.703","2522.6","False"
"2026-08-05T10:47:09.2079060+08:00","62240","True","100.703","2522.6","False"
"2026-08-05T10:47:09.3175225+08:00","62240","True","100.703","2522.6","False"
"2026-08-05T10:47:09.4111749+08:00","62240","True","100.703","2522.6","False"
"2026-08-05T10:47:09.5063250+08:00","62240","True","100.703","2522.6","False"
"2026-08-05T10:47:09.6157395+08:00","62240","True","100.703","2522.6","False"
"2026-08-05T10:47:09.7096931+08:00","62240","True","100.703","2522.6","False"
"2026-08-05T10:47:09.8186676+08:00","62240","True","100.703","2522.7","False"
"2026-08-05T10:47:09.9138218+08:00","62240","True","100.703","2522.7","False"
"2026-08-05T10:47:10.0074305+08:00","62240","True","100.703","2522.7","False"
"2026-08-05T10:47:10.1173870+08:00","62240","True","100.703","2522.7","False"
"2026-08-05T10:47:10.2125652+08:00","62240","True","100.703","2522.7","False"
"2026-08-05T10:47:10.3072262+08:00","62240","True","100.703","2522.7","False"
"2026-08-05T10:47:10.4167035+08:00","62240","True","100.703","2522.7","False"
"2026-08-05T10:47:10.5098792+08:00","62240","True","100.703","2522.7","False"
"2026-08-05T10:47:10.6041113+08:00","62240","True","100.703","2522.7","False"
"2026-08-05T10:47:10.7123626+08:00","62240","True","100.703","2522.7","False"
"2026-08-05T10:47:10.8064908+08:00","62240","True","100.719","2522.7","False"
"2026-08-05T10:47:10.9159687+08:00","62240","True","100.75","2522.7","False"
"2026-08-05T10:47:11.0106204+08:00","62240","True","100.766","2522.7","False"
"2026-08-05T10:47:11.1058014+08:00","62240","True","100.797","2522.7","False"
"2026-08-05T10:47:11.2141837+08:00","62240","True","100.922","2522.7","False"
"2026-08-05T10:47:11.3092979+08:00","62240","True","100.922","2522.7","False"
"2026-08-05T10:47:11.4208453+08:00","62240","True","100.922","2588.2","False"
"2026-08-05T10:47:11.5157897+08:00","62240","True","101.078","2588.4","False"
"2026-08-05T10:47:11.6087765+08:00","62240","True","101.344","2588.2","False"
"2026-08-05T10:47:11.7186727+08:00","62240","True","101.562","2588.6","False"
"2026-08-05T10:47:11.8136495+08:00","62240","True","101.688","2590","False"
"2026-08-05T10:47:11.9087666+08:00","62240","True","101.688","2590","False"
"2026-08-05T10:47:12.0173085+08:00","62240","True","101.688","2590","False"
"2026-08-05T10:47:12.1132409+08:00","62240","True","101.703","2590","False"
"2026-08-05T10:47:12.2095648+08:00","62240","True","101.766","2590.1","False"
"2026-08-05T10:47:12.3186927+08:00","62240","True","101.781","2590.1","False"
"2026-08-05T10:47:12.4133756+08:00","62240","True","101.797","2590.1","False"
"2026-08-05T10:47:12.5093057+08:00","62240","True","101.797","2590.1","False"
"2026-08-05T10:47:12.6195117+08:00","62240","True","101.797","2590.1","False"
"2026-08-05T10:47:12.7132616+08:00","62240","True","101.797","2590.2","False"
"2026-08-05T10:47:12.8086938+08:00","62240","True","101.891","2590.2","False"
"2026-08-05T10:47:12.9168229+08:00","62240","True","101.938","2590.5","False"
"2026-08-05T10:47:13.0097972+08:00","62240","True","101.984","2590.6","False"
"2026-08-05T10:47:13.1056833+08:00","62240","True","101.984","2590.6","False"
"2026-08-05T10:47:13.2145054+08:00","62240","True","102","2590.6","False"
"2026-08-05T10:47:13.3099620+08:00","62240","True","102","2590.6","False"
"2026-08-05T10:47:13.4186102+08:00","62240","True","102.031","2590.6","False"
"2026-08-05T10:47:13.5132071+08:00","62240","True","102.047","2590.6","False"
"2026-08-05T10:47:13.6243024+08:00","62240","True","102.047","2590.7","False"
"2026-08-05T10:47:13.7187036+08:00","62240","True","102.047","2590.7","False"
"2026-08-05T10:47:13.8132701+08:00","62240","True","102.062","2590.7","False"
"2026-08-05T10:47:13.9077678+08:00","62240","True","102.078","2590.7","False"
"2026-08-05T10:47:14.0162434+08:00","62240","True","102.078","2590.7","False"
"2026-08-05T10:47:14.1096264+08:00","62240","True","102.109","2590.7","False"
"2026-08-05T10:47:14.2202183+08:00","62240","True","102.141","2590.7","False"
"2026-08-05T10:47:14.3138855+08:00","62240","True","102.172","2590.7","False"
"2026-08-05T10:47:14.4080774+08:00","62240","True","102.188","2590.7","False"
"2026-08-05T10:47:14.5173088+08:00","62240","True","102.219","2590.7","False"
"2026-08-05T10:47:14.6108328+08:00","62240","True","102.297","2590.7","False"
"2026-08-05T10:47:14.7209517+08:00","62240","True","102.422","2590.9","False"
"2026-08-05T10:47:14.8131000+08:00","62240","True","102.484","2591","False"
"2026-08-05T10:47:14.9071215+08:00","62240","True","102.5","2591.1","False"
"2026-08-05T10:47:15.0158539+08:00","62240","True","102.531","2591.1","False"
"2026-08-05T10:47:15.1096173+08:00","62240","True","102.531","2591.1","False"
"2026-08-05T10:47:15.2187701+08:00","62240","True","102.609","2591.1","False"
"2026-08-05T10:47:15.3131745+08:00","62240","True","102.609","2591.1","False"
"2026-08-05T10:47:15.4075514+08:00","62240","True","102.625","2591.1","False"
"2026-08-05T10:47:15.5169505+08:00","62240","True","102.672","2591.1","False"
"2026-08-05T10:47:15.6102502+08:00","62240","True","102.688","2591.1","False"
"2026-08-05T10:47:15.7179150+08:00","62240","True","102.688","2591.1","False"
"2026-08-05T10:47:15.8115400+08:00","62240","True","102.688","2591.1","False"
"2026-08-05T10:47:15.9194355+08:00","62240","True","102.703","2591.1","False"
"2026-08-05T10:47:16.0126315+08:00","62240","True","102.703","2591.1","False"
"2026-08-05T10:47:16.1064244+08:00","62240","True","102.719","2591.1","False"
"2026-08-05T10:47:16.2148197+08:00","62240","True","102.797","2591.2","False"
"2026-08-05T10:47:16.3093612+08:00","62240","True","102.844","2591.2","False"
"2026-08-05T10:47:16.4171337+08:00","62240","True","102.953","2591.3","False"
"2026-08-05T10:47:16.5111268+08:00","62240","True","103.047","2591.3","False"
"2026-08-05T10:47:16.6057185+08:00","62240","True","103.422","2590.8","False"
"2026-08-05T10:47:16.7116159+08:00","62240","True","103.672","2592.1","False"
"2026-08-05T10:47:16.8186152+08:00","62240","True","103.75","2591.9","False"
"2026-08-05T10:47:16.9128065+08:00","62240","True","103.812","2592","False"
"2026-08-05T10:47:17.0219910+08:00","62240","True","103.812","2592","False"
"2026-08-05T10:47:17.1160983+08:00","62240","True","103.844","2592","False"
"2026-08-05T10:47:17.2086846+08:00","62240","True","103.859","2592","False"
"2026-08-05T10:47:17.3173014+08:00","62240","True","103.891","2594.1","False"
"2026-08-05T10:47:17.4104392+08:00","62240","True","103.891","2594.1","False"
"2026-08-05T10:47:17.5197138+08:00","62240","True","103.906","2594.1","False"
"2026-08-05T10:47:17.6133599+08:00","62240","True","103.906","2594.1","False"
"2026-08-05T10:47:17.7077305+08:00","62240","True","103.969","2594.1","False"
"2026-08-05T10:47:17.8182093+08:00","62240","True","103.969","2594.1","False"
"2026-08-05T10:47:17.9104942+08:00","62240","True","103.984","2594.1","False"
"2026-08-05T10:47:18.0188129+08:00","62240","True","104","2594.1","False"
"2026-08-05T10:47:18.1127202+08:00","62240","True","104","2594.1","False"
"2026-08-05T10:47:18.2065607+08:00","62240","True","104.031","2594.1","False"
"2026-08-05T10:47:18.3156575+08:00","62240","True","104.203","2594.8","False"
"2026-08-05T10:47:18.4246660+08:00","62240","True","104.484","2594.2","False"
"2026-08-05T10:47:18.5177572+08:00","62240","True","104.625","2594.2","False"
"2026-08-05T10:47:18.6112011+08:00","62240","True","104.688","2594.2","False"
"2026-08-05T10:47:18.7051516+08:00","62240","True","104.734","2594.2","False"
"2026-08-05T10:47:18.8150302+08:00","62240","True","104.734","2594.2","False"
"2026-08-05T10:47:18.9095825+08:00","62240","True","104.75","2594.2","False"
"2026-08-05T10:47:19.0197424+08:00","62240","True","104.75","2594.2","False"
"2026-08-05T10:47:19.1122070+08:00","62240","True","104.75","2594.2","False"
"2026-08-05T10:47:19.2074351+08:00","62240","True","104.75","2594.2","False"
"2026-08-05T10:47:19.3174836+08:00","62240","True","104.766","2594.2","False"
"2026-08-05T10:47:19.4119538+08:00","62240","True","104.797","2594.2","False"
"2026-08-05T10:47:19.5060696+08:00","62240","True","104.812","2594.2","False"
"2026-08-05T10:47:19.6168139+08:00","62240","True","104.812","2594.2","False"
"2026-08-05T10:47:19.7106902+08:00","62240","True","104.812","2594.2","False"
"2026-08-05T10:47:19.8187410+08:00","62240","True","104.812","2594.2","False"
"2026-08-05T10:47:19.9120174+08:00","62240","True","104.875","2594.2","False"
"2026-08-05T10:47:20.0208902+08:00","62240","True","104.953","2594.2","False"
"2026-08-05T10:47:20.1156155+08:00","62240","True","105","2594.2","False"
"2026-08-05T10:47:20.2268790+08:00","62240","True","105","2594.2","False"
"2026-08-05T10:47:20.3060635+08:00","62240","True","105.016","2594.2","False"
"2026-08-05T10:47:20.4167731+08:00","62240","True","105.016","2594.2","False"
"2026-08-05T10:47:20.5098034+08:00","62240","True","105.031","2594.2","False"
"2026-08-05T10:47:20.6187330+08:00","62240","True","105.031","2594.2","False"
"2026-08-05T10:47:20.7125806+08:00","62240","True","105.078","2594.2","False"
"2026-08-05T10:47:20.8062478+08:00","62240","True","105.094","2594.2","False"
"2026-08-05T10:47:20.9149405+08:00","62240","True","105.094","2594.2","False"
"2026-08-05T10:47:21.0082194+08:00","62240","True","105.125","2594.2","False"
"2026-08-05T10:47:21.1185349+08:00","62240","True","105.203","2594.3","False"
"2026-08-05T10:47:21.2120009+08:00","62240","True","105.484","2594.3","False"
"2026-08-05T10:47:21.3194169+08:00","62240","True","105.641","2594.9","False"
"2026-08-05T10:47:21.4146965+08:00","62240","True","105.797","2595.8","False"
"2026-08-05T10:47:21.5086830+08:00","62240","True","105.828","2595.8","False"
"2026-08-05T10:47:21.6174151+08:00","62240","True","105.922","2596.8","False"
"2026-08-05T10:47:21.7119210+08:00","62240","True","105.984","2597.2","False"
"2026-08-05T10:47:21.8064944+08:00","62240","True","105.984","2597.2","False"
"2026-08-05T10:47:21.9163256+08:00","62240","True","105.984","2597.2","False"
"2026-08-05T10:47:21.9950822+08:00","62240","True","105.984","2597.2","False"
"2026-08-05T10:47:22.1059423+08:00","62240","True","106.016","2597.2","False"
"2026-08-05T10:47:22.2148628+08:00","62240","True","106.062","2597.2","False"
"2026-08-05T10:47:22.3082775+08:00","62240","True","106.062","2597.2","False"
"2026-08-05T10:47:22.4169741+08:00","62240","True","106.094","2597.2","False"
"2026-08-05T10:47:22.5119958+08:00","62240","True","106.109","2597.2","False"
"2026-08-05T10:47:22.6057970+08:00","62240","True","106.109","2597.2","False"
"2026-08-05T10:47:22.7130660+08:00","62240","True","106.125","2597.2","False"
"2026-08-05T10:47:22.8067492+08:00","62240","True","106.156","2597.2","False"
"2026-08-05T10:47:22.9168326+08:00","62240","True","106.172","2597.2","False"
"2026-08-05T10:47:23.0107126+08:00","62240","True","106.172","2597.2","False"
"2026-08-05T10:47:23.1198457+08:00","62240","True","106.172","2597.2","False"
"2026-08-05T10:47:23.2132761+08:00","62240","True","106.172","2597.2","False"
"2026-08-05T10:47:23.3076533+08:00","62240","True","106.172","2597.2","False"
"2026-08-05T10:47:23.4178118+08:00","62240","True","106.172","2597.2","False"
"2026-08-05T10:47:23.5127977+08:00","62240","True","106.188","2597.2","False"
"2026-08-05T10:47:23.6074359+08:00","62240","True","106.281","2597.3","False"
"2026-08-05T10:47:23.7166043+08:00","62240","True","106.688","2597.8","False"
"2026-08-05T10:47:23.8117924+08:00","62240","True","106.984","2597.4","False"
"2026-08-05T10:47:23.9220020+08:00","62240","True","107.219","2597.4","False"
"2026-08-05T10:47:24.0169973+08:00","62240","True","107.297","2597.4","False"
"2026-08-05T10:47:24.1110828+08:00","62240","True","107.391","2597.4","False"
"2026-08-05T10:47:24.2212631+08:00","62240","True","107.453","2597.4","False"
"2026-08-05T10:47:24.3159377+08:00","62240","True","107.531","2597.4","False"
"2026-08-05T10:47:24.4101565+08:00","62240","True","107.531","2597.4","False"
"2026-08-05T10:47:24.5181140+08:00","62240","True","107.531","2597.4","False"
"2026-08-05T10:47:24.6115613+08:00","62240","True","107.531","2597.4","False"
"2026-08-05T10:47:24.7219096+08:00","62240","True","107.594","2597.4","False"
"2026-08-05T10:47:24.8158894+08:00","62240","True","107.609","2597.4","False"
"2026-08-05T10:47:24.9107684+08:00","62240","True","107.625","2597.4","False"
"2026-08-05T10:47:25.0196140+08:00","62240","True","107.672","2597.4","False"
"2026-08-05T10:47:25.1122596+08:00","62240","True","107.734","2597.4","False"
"2026-08-05T10:47:25.2199085+08:00","62240","True","107.734","2597.4","False"
"2026-08-05T10:47:25.3149812+08:00","62240","True","107.734","2597.4","False"
"2026-08-05T10:47:25.4091454+08:00","62240","True","107.734","2597.4","False"
"2026-08-05T10:47:25.5039655+08:00","62240","True","107.75","2597.4","False"
"2026-08-05T10:47:25.6139080+08:00","62240","True","107.859","2597.4","False"
"2026-08-05T10:47:25.7069233+08:00","62240","True","107.859","2597.4","False"
"2026-08-05T10:47:25.8150817+08:00","62240","True","107.859","2597.4","False"
"2026-08-05T10:47:25.9077073+08:00","62240","True","107.875","2597.4","False"
"2026-08-05T10:47:26.0163949+08:00","62240","True","107.875","2597.4","False"
"2026-08-05T10:47:26.1107796+08:00","62240","True","107.906","2597.4","False"
"2026-08-05T10:47:26.2197679+08:00","62240","True","107.922","2597.4","False"
"2026-08-05T10:47:26.3138752+08:00","62240","True","107.922","2597.4","False"
"2026-08-05T10:47:26.4074191+08:00","62240","True","107.922","2597.4","False"
"2026-08-05T10:47:26.5175114+08:00","62240","True","107.953","2597.4","False"
"2026-08-05T10:47:26.6106446+08:00","62240","True","107.953","2597.4","False"
"2026-08-05T10:47:26.7207781+08:00","62240","True","107.969","2597.4","False"
"2026-08-05T10:47:26.8131845+08:00","62240","True","107.984","2597.4","False"
"2026-08-05T10:47:26.9085875+08:00","62240","True","107.984","2597.4","False"
"2026-08-05T10:47:27.0195434+08:00","62240","True","107.984","2597.4","False"
"2026-08-05T10:47:27.1118587+08:00","62240","True","108.016","2597.4","False"
"2026-08-05T10:47:27.2217914+08:00","62240","True","108.016","2597.4","False"
"2026-08-05T10:47:27.3175692+08:00","62240","True","108.016","2597.4","False"
"2026-08-05T10:47:27.4115211+08:00","62240","True","108.016","2597.4","False"
"2026-08-05T10:47:27.5199608+08:00","62240","True","108.047","2597.4","False"
"2026-08-05T10:47:27.6131100+08:00","62240","True","108.047","2597.4","False"
"2026-08-05T10:47:27.7200059+08:00","62240","True","108.047","2597.4","False"
"2026-08-05T10:47:27.8144476+08:00","62240","True","108.047","2597.4","False"
"2026-08-05T10:47:27.9077788+08:00","62240","True","108.047","2597.4","False"
"2026-08-05T10:47:28.0141063+08:00","62240","True","108.047","2597.4","False"
"2026-08-05T10:47:28.1068599+08:00","62240","True","108.047","2597.4","False"
"2026-08-05T10:47:28.2155804+08:00","62240","True","108.062","2597.4","False"
"2026-08-05T10:47:28.3101216+08:00","62240","True","108.062","2597.4","False"
"2026-08-05T10:47:28.4077315+08:00","62240","True","108.062","2597.4","False"
"2026-08-05T10:47:28.5159479+08:00","62240","True","108.078","2595.8","False"
"2026-08-05T10:47:28.6088527+08:00","62240","True","108.078","2595.8","False"
"2026-08-05T10:47:28.7183439+08:00","62240","True","108.078","2595.8","False"
"2026-08-05T10:47:28.8118725+08:00","62240","True","108.094","2595.8","False"
"2026-08-05T10:47:28.9200877+08:00","62240","True","108.109","2595.8","False"
"2026-08-05T10:47:29.0127855+08:00","62240","True","108.109","2595.8","False"
"2026-08-05T10:47:29.1056359+08:00","62240","True","108.109","2595.8","False"
"2026-08-05T10:47:29.2139766+08:00","62240","True","108.109","2595.8","False"
"2026-08-05T10:47:29.3071239+08:00","62240","True","108.109","2595.8","False"
"2026-08-05T10:47:29.4169164+08:00","62240","True","108.109","2595.8","False"
"2026-08-05T10:47:29.5120989+08:00","62240","True","108.109","2595.8","False"
"2026-08-05T10:47:29.6068862+08:00","62240","True","108.109","2595.8","False"
